"Código SIEX";"Código";"Categoría";"Nombre científico";"EPPO cd";"Observaciones";Fecha de alta;Fecha de modificación;Fecha de baja
"1";"1";"Malas hierbas";"Malas hierbas";"3WEEDT";"No se incluyen en este grupo las plantas criptógamas (no productoras de semillas), entre las cuales están los pteridofitos (helechos, equisetos y afines), las algas, los musgos y las hepáticas (grupos 2, 3, 4 y 5).";13/04/2023;;
"2";"1.1";"Dicotiledóneas, malas hierbas de hoja ancha";"Dicotiledóneas, malas hierbas de hoja ancha";"3DICOT";"No se incluyen en este grupo las dicotiledóneas leńosas, acuáticas,  y parásitas (grupos 1.3, 1.4 y 1.5).";13/04/2023;;
"3";"1.1.1";"Dicotiledóneas anuales";"Dicotiledóneas anuales";"3ANDIT";"No se incluyen en este grupo las dicotiledóneas acuáticas,  y parásitas (grupos 1.4 y 1.5).";13/04/2023;;
"4";"1.1.1.1";"Amarantáceas anuales";"Amaranthaceae";"1AMAG, only annual species";;13/04/2023;;
"5";"1.1.1.1.1";"Bledos, Amaranthus spp.";"Amaranthus spp.";"1AMAG";"Se incluyen especies del género Amaranthus como A.blitoides, A.retroflexus, A,albus, A.hybridus y A.palmeri.";13/04/2023;;
"6";"1.1.1.2";"Boragináceas anuales";"Boraginaceae";"1BORF, only annual species";;13/04/2023;;
"7";"1.1.1.2.1";"Mijo del sol, Buglossoides arvensis";"Buglossoides arvensis";"LITAR";;13/04/2023;;
"8";"1.1.1.2.2";"Tornasol, Heliotropium europaeum";"Heliotropium europaeum";"HEOEU";;13/04/2023;;
"9";"1.1.1.3";"Cariofiláceas anuales";"Caryophyllaceae";"1CAFF, only annual species";;13/04/2023;;
"10";"1.1.1.3.1";"Pamplina, hierba gallinera, Stellaria media";"Stellaria media";"STEME";;13/04/2023;;
"11";"1.1.1.4";"Compuestas anuales";"Compositae";"1COMF, only annual species";;13/04/2023;;
"12";"1.1.1.4.1";"Magarza, Anacyclus clavatus";"Anacyclus clavatus";"ANYCL";;13/04/2023;;
"13";"1.1.1.4.2";"Manzanilla bastarda, Anthemis arvensis";"Anthemis arvensis";"ANTAR";;13/04/2023;;
"14";"1.1.1.4.3";"Cadillo, amor seco, Bidens pilosa";"Bidens pilosa";"BIDPI";;13/04/2023;;
"15";"1.1.1.4.4";"Maravilla silvestre, Calendula arvensis";"Calendula arvensis";"CLDAR";;13/04/2023;;
"16";"1.1.1.4.5";"Centaureas, Centaurea spp.";"Centaurea spp.";"1CENG";"Se incluyen especies del género Centaurea como C.cyanus, C.solstitialis y C.calcitrapa.";13/04/2023;;
"17";"1.1.1.4.6";"Achicoria amarga, Chondrilla juncea";"Chondrilla juncea";"CHOJU";;13/04/2023;;
"18";"1.1.1.4.7";"Achicoria, Cichorium intybus";"Cichorium intybus";"CICIN";;13/04/2023;;
"19";"1.1.1.4.8";"Giralda, Coleostephus myconis";"Coleostephus myconis";"CHYMY";;13/04/2023;;
"20";"1.1.1.4.9";"Coniza, erigeron, Conyza spp.";"Conyza spp.";"1CNDG";"Se incluyen especies del género Conyza como C.canadensis y C.bonariensis.";13/04/2023;;
"21";"1.1.1.4.10";"Galinsoga cuadriradiata";"Galinsoga cuadriradiata";"GASCI";;13/04/2023;;
"22";"1.1.1.4.11";"Crisantemos, Glebionis spp.";"Glebionis spp.";"1GBNG";"Se incluyen especies del género Glebionis como G.segetum y G.coronaria.";13/04/2023;;
"23";"1.1.1.4.12";"Ricio de girasol, Helianthus annuus";"Helianthus annuus";"NNNVO, sunflower";"Rebrotes de cultivos anteriores";13/04/2023;;
"24";"1.1.1.4.13";"Lechuguinos, Lactuca spp.";"Lactuca spp.";"1LACG";"Se incluyen especies del género Lactuca como L.serriola, L.viminea, L.virosa, L.saligna y L.tenerrima.";13/04/2023;;
"25";"1.1.1.4.14";"Matricaria spp.";"Matricaria spp.";"1MATG";"Se incluyen especies del género Matricaria como M.chamomilla y M.discoidea.";13/04/2023;;
"26";"1.1.1.4.15";"Raspasayos, Picris echioides";"Picris echioides";"PICEC";;13/04/2023;;
"27";"1.1.1.4.16";"Hierba cana, Senecio vulgaris";"Senecio vulgaris";"SENVU";;13/04/2023;;
"28";"1.1.1.4.17";"Cerrajas, Sonchus spp.";"Sonchus spp.";"SONOL";"Se incluyen especies del género Sonchus como S.oleraceus y S.tenerrimus.";13/04/2023;;
"29";"1.1.1.4.18";"Aster, Symphyotrichum squamatum";"Symphyotrichum squamatum";"ASTSQ";;13/04/2023;;
"30";"1.1.1.4.19";"Cachurrera menor, Acanthoxanthium spinosum";"Acanthoxanthium spinosum";"XANSP";"Hasta hace poco se incluía dentro del género Xanthium.";13/04/2023;;
"31";"1.1.1.4.20";"Cadillo, Xanthium strumarium";"Xanthium strumarium";"XANST";;13/04/2023;;
"32";"1.1.1.5";"Crucíferas anuales";"Cruciferae";"1CRUF, only annual species";;13/04/2023;;
"33";"1.1.1.5.1";"Camelina, Camelina sativa";"Camelina sativa";"CMASA";;13/04/2023;;
"34";"1.1.1.5.2";"Zurrón de pastor, Capsella bursa-pastoris";"Capsella bursa-pastoris";"CAPBP";;13/04/2023;;
"35";"1.1.1.5.3";"Mastuerzo menor, Cardamine hirsuta";"Cardamine hirsuta";"CARHI";;13/04/2023;;
"36";"1.1.1.5.4";"Draba, Cardaria draba";"Cardaria draba";"CADDR";;13/04/2023;;
"37";"1.1.1.5.5";"Cervellinas, Coronopus spp.";"Coronopus spp.";"COPDI";"Se incluyen especies del género Coronopus como C.didymus y C.squamatus.";13/04/2023;;
"38";"1.1.1.5.6";"Ajenjo loco, Descurainia sophia";"Descurainia sophia";"DESSO";;13/04/2023;;
"39";"1.1.1.5.7";"Jaramagos, Diplotaxis spp.";"Diplotaxis spp.";"1DIPG";"Se incluyen especies del género Diplotaxis como D.erucoides, D,muralis, D.virgata y D.catholica.";13/04/2023;;
"40";"1.1.1.5.8";"Rábano silvestre, Raphanus raphanistrum";"Raphanus raphanistrum";"RAPRA";;13/04/2023;;
"41";"1.1.1.5.9";"Rabaniza, Rapistrum rugosum";"Rapistrum rugosum";"RASRU";;13/04/2023;;
"42";"1.1.1.5.10";"Mostazas silvestres, Sinapis spp.";"Sinapis spp.";"SINAR";"Se incluyen especies del género Sinapis como S.alba y S.arvensis";13/04/2023;;
"43";"1.1.1.5.11";"Erisimo, Sisymbrium officinale";"Sisymbrium officinale";"SSYOF";;13/04/2023;;
"44";"1.1.1.6";"Cucurbitáceas anuales";"Cucurbitaceae";"1CUCF, only annual species";;13/04/2023;;
"45";"1.1.1.6.1";"Pepinillo del diablo, Ecballium elaterium";"Ecballium elaterium";"ECAEL";;13/04/2023;;
"46";"1.1.1.7";"Escrofulariáceas anuales";"Scrophulariaceae";"1SCPF, only annual species";;13/04/2023;;
"47";"1.1.1.7.1";"Verónica, hierba gallinera, Veronica spp.";"Veronica spp.";"1VERG";"Se incluyen especies anuales del género Veronica como V.hederifolia, V.polita, V.persica y V.arvensis.";13/04/2023;;
"48";"1.1.1.8";"Euforbiáceas anuales";"Euphorbiaceae";"1EUPF, only annual species";;13/04/2023;;
"49";"1.1.1.8.1";"Tornasol, Chrozophora tinctoria";"Chrozophora tinctoria";"CRZTI";;13/04/2023;;
"50";"1.1.1.8.2";"Euforbias, lechetreznas, Euphorbia spp.";"Euphorbia spp.";"1EPHG";"Se incluyen especies anuales del género Euphorbia como E.helioscopia.";13/04/2023;;
"51";"1.1.1.8.3";"Mercurial, Mercurialis annua";"Mercurialis annua";"MERAN";;13/04/2023;;
"52";"1.1.1.9";"Geraniáceas anuales";"Geraniaceae";"1GERF, only annual species";;13/04/2023;;
"53";"1.1.1.9.1";"Agujas de pastor, Erodium spp.";"Erodium spp.";"1EROG";"Se incluyen especies del género Erodium como E.ciconium, E.cicutarium y E.malocoides.";13/04/2023;;
"54";"1.1.1.9.2";"Agujas de pastor, Geranium spp.";"Geranium spp.";"1GERG";"Se incluyen especies del género Geranium como G.molle y G.rotundifolium.";13/04/2023;;
"55";"1.1.1.10";"Leguminosas anuales";"Leguminosae";"1LEGF, only annual species";;13/04/2023;;
"56";"1.1.1.10.1";"Alverjas, Lathyrus spp. (especies anuales)";"Lathyrus spp.";"1LTHG, only annual species";"Se incluyen especies anuales del género Lathyrus como L.clymenum, L.aphaca y L.hirsutus.";13/04/2023;;
"57";"1.1.1.10.2";"Cornejones, Coronilla spp.";"Coronilla spp.";"1CZRG";"Se incluyen especies anuales del género Coronilla como C.scorpioides y C.repanda susbp.dura.";13/04/2023;;
"58";"1.1.1.10.3";"Altramuces, Lupinus spp.";"Lupinus spp.";"1LUPG";"Se incluyen especies del género Lupinus como L.angustifolius y L.hispanicus.";13/04/2023;;
"59";"1.1.1.10.4";"Carretones, alfalfas, Medicago spp. (especies anuales)";"Medicago spp.";"1MEDG, only annual species";"Se incluyen especies anuales del género Medicago como M.lupulina, M.polymorpha, M.arabica y M.minima.";13/04/2023;;
"60";"1.1.1.10.5";"Melilotos, Melilotus spp.";"Melilotus spp.";"1MEUG";"Se incluyen especies anuales del género Melilotus como M.albus y M.spicatus.";13/04/2023;;
"61";"1.1.1.10.6";"Hierbas del alacrán, Scorpiurus spp.";" Scorpiurus spp.";"1SCSG";"Se incluyen especies del género Scorpiurus como S.muricatus, S.sulcatus y S.vermiculatus.";13/04/2023;;
"62";"1.1.1.10.7";"Tréboles, Trifolium spp. (especies anuales)";"Trifolium spp.";"1TRFG, only annual species";"Se incluyen especies anuales del género Trifolium como T.campestre, T arvense y T.angustifolium.";13/04/2023;;
"63";"1.1.1.10.8";"Vezas, Vicia spp.";"Vicia spp.";"1VICG";"Se incluyen especies anuales del género Vicia como V.villosa y V.sativa.";13/04/2023;;
"64";"1.1.1.11";"Malváceas anuales";"Malvaceae";"1MALF, only annual species";;13/04/2023;;
"65";"1.1.1.11.1";"Abutilon, Abutilon theophrasti";"Abutilon theophrasti";"ABUTH";;13/04/2023;;
"66";"1.1.1.11.2";"Malvas, Malva spp. (especies anuales)";"Malva spp.";"1MALG, only annual species";"Se incluyen especies anuales del género Malva como M.parviflora y M.hispanica.";13/04/2023;;
"67";"1.1.1.12";"Onagráceas anuales";"Onagraceae";"1ONAF, only annual species";;13/04/2023;;
"68";"1.1.1.12.1";"Epilobio, Epilobium brachycarpum";"Epilobium brachycarpum";"EPIPC";;13/04/2023;;
"69";"1.1.1.13";"Papaveráceas anuales";"Papaveraceae";"1PPAF, only annual species";;13/04/2023;;
"70";"1.1.1.13.1";"Celidonia, Chelidonium majus";"Chelidonium majus";"CHQMA";;13/04/2023;;
"71";"1.1.1.13.2";"Conejitos, Fumaria spp.";"Fumaria spp.";"1FUMG";"Se incluyen especies del género Fumaria como F.capreolata, F.parviflora y F.officinalis.";13/04/2023;;
"72";"1.1.1.13.3";"Amapolas, Papaver spp.";"Papaver spp.";"1PAPG";"Se incluyen especies del género Papaver como P.rhoeas. P.argemone, P.dubium y P.hybridum.";13/04/2023;;
"73";"1.1.1.14";"Poligonáceas anuales";"Polygonaceae";"1POLF, only annual species";;13/04/2023;;
"74";"1.1.1.14.1";"Polígono trepador, Fallopia convolvulus";"Fallopia convolvulus";"POLCO";;13/04/2023;;
"75";"1.1.1.14.2";"Polígonos, Polygonum spp.";"Polygonum spp.";"1POLG";"Se incluyen especies del género Polygonum  como P.aviculare, P.arenastrum, P.persicaria y P.lapathifolium.";13/04/2023;;
"76";"1.1.1.15";"Portulacáceas anuales";"Portulacaceae";"1PORF, only annual species";;13/04/2023;;
"77";"1.1.1.15.1";"Verdolaga, Portulaca oleracea";"Portulaca oleracea";"POROL";;13/04/2023;;
"78";"1.1.1.16";"Primuláceas anuales";"Primulaceae";"1PRIF, only annual species";;13/04/2023;;
"79";"1.1.1.16.1";"Murajes, Anagallis arvensis";"Anagallis arvensis";"ANGAR";;13/04/2023;;
"80";"1.1.1.17";"Quenopodiáceas anuales";"Chenopodiaceae";"1CHES, only annual species";;13/04/2023;;
"81";"1.1.1.17.1";"Armuelle, Atriplex patula";"Atriplex patula";"ATXPA";;13/04/2023;;
"82";"1.1.1.17.2";"Mirabel, Bassia scoparia";"Bassia scoparia";"KCHSC";;13/04/2023;;
"83";"1.1.1.17.3";"Cenizos, Chenopodium spp.";"Chenopodium spp.";"1CHEG";"Se incluyen especies del género Chenopodium  como Ch.album, Ch.vulvaria y Ch.murale.";13/04/2023;;
"84";"1.1.1.17.4";"Barrilla pinchosa, Salsola kali";"Salsola kali";"SASKA";;13/04/2023;;
"85";"1.1.1.18";"Rubiáceas anuales";"Rubiaceae";"1RUBF, only annual species";;13/04/2023;;
"86";"1.1.1.18.1";"Amor del hortelano, Galium spp.";"Galium spp.";"1GALG";"Se incluyen especies del género Galium como G.aparine, G.tricornutum y G.verrucosum.";13/04/2023;;
"87";"1.1.1.19";"Solanáceas anuales";"Solanaceae";"1SOLF, only annual species";;13/04/2023;;
"88";"1.1.1.19.1";"Estramonio, Datura stramonium";"Datura stramonium";"DATST";;13/04/2023;;
"89";"1.1.1.19.2";"Salpichroa origanifolia";"Salpichroa origanifolia";"SAPOR";;13/04/2023;;
"90";"1.1.1.19.3";"Hierba mora, Solanum nigrum";"Solanum nigrum";"SOLNI";;13/04/2023;;
"91";"1.1.1.20";"Umbelíferas anuales";"Umbelliferae";"1UMBF, only annual species";;13/04/2023;;
"92";"1.1.1.20.1";"Ameo, visnaga, Ammi spp.";"Ammi spp.";"1AMIG";"Se incluyen especies del género Ammi como A.majus y A.visnaga.";13/04/2023;;
"93";"1.1.1.20.2";"Cilantro menor, Bifora testiculata";"Bifora testiculata";"BIFTE";;13/04/2023;;
"94";"1.1.1.20.3";"Cadillo, cachurrera, Caucalis platycarpos";"Caucalis platycarpos";"CUCLA";;13/04/2023;;
"95";"1.1.1.20.4";"Zanahoria silvestre, Daucus carota";"Daucus carota";"DAUCA";;13/04/2023;;
"96";"1.1.1.20.5";"Neldo, Ridolfia segetum";"Ridolfia segetum";"CRYRI";;13/04/2023;;
"97";"1.1.1.20.6";"Peine de Venus, Scandix pecten-veneris";"Scandix pecten-veneris";"SCAPV";;13/04/2023;;
"98";"1.1.1.20.7";"Tordillo, Tordylium maximum";"Tordylium maximum";"TORMA";;13/04/2023;;
"99";"1.1.1.20.8";"Cachurros, Torilis spp.";"Torilis spp.";"1TOIG";"Se incluyen especies del género Torilis como T.arvensis, T.japonica, T.leptophylla y T.nodosa.";13/04/2023;;
"100";"1.1.1.21";"Urticáceas anuales";"Urticaceae";"1URTF, only annual species";;13/04/2023;;
"101";"1.1.1.21.1";"Ortiga, Urtica urens";"Urtica urens";"URTUR";;13/04/2023;;
"102";"1.1.1.22";"Zigofiláceas anuales";"Zygophyllaceae";"1ZYGF, only annual species";;13/04/2023;;
"103";"1.1.1.22.1";"Abrojos, Tribulus terrestris";"Tribulus terrestris";"TRBTE";;13/04/2023;;
"104";"1.1.2";"Dicotiledóneas plurianuales";"Dicotiledóneas plurianuales";"3PEDIT";"No se incluyen en este grupo las dicotiledóneas leńosas y acuáticas (grupos 1.3 y 1.4).";13/04/2023;;
"105";"1.1.2.1";"Asclepiadáceas plurianuales";"Asclepiadaceae";"1ASCS, perennial species";;13/04/2023;;
"106";"1.1.2.1.1";"Miraguano, Araujia sericifera";"Araujia sericifera";"AJASE";;13/04/2023;;
"107";"1.1.2.2";"Compuestas plurianuales";"Compositae";"1COMF, perennial species";;13/04/2023;;
"108";"1.1.2.2.1";"Cardo, Cirsium arvense";"Cirsium arvense";"CIRAR";;13/04/2023;;
"109";"1.1.2.2.2";"Olivarda, Dittrichia viscosa";"Dittrichia viscosa";"INUVI";;13/04/2023;;
"110";"1.1.2.2.3";"Dientes de león, Taraxacum spp.";"Taraxacum spp.";"1TARG";"Se incluyen especies del género Taraxacum como T.officinale y T.obovatum.";13/04/2023;;
"111";"1.1.2.3";"Convolvuláceas plurianuales";"Convolvulaceae";"1COVF, perennial species";;13/04/2023;;
"112";"1.1.2.3.1";"Correhuela, Convolvulus arvensis";"Convolvulus arvensis";"CONAR";;13/04/2023;;
"113";"1.1.2.3.2";"Correhuela mayor, Calystegia sepium";"Calystegia sepium";"CAGSE";;13/04/2023;;
"114";"1.1.2.4";"Fitolacáceas plurianuales";"Phytolaccaceae";"1PHYF, perennial species";;13/04/2023;;
"115";"1.1.2.4.1";"Bella sombra, Phytolacca dioica";"Phytolacca dioica";"PHTDI";;13/04/2023;;
"116";"1.1.2.5";"Leguminosas plurianuales";"Leguminosae";"1LEGF,perennial species";;13/04/2023;;
"117";"1.1.2.5.1";"Alverjas, Lathyrus spp. (especies plurianuales)";"Lathyrus spp.";"1LTHG, perennial species";"Se incluyen especies plurianuales del género Lathyrus como L.tuberosus.";13/04/2023;;
"118";"1.1.2.5.2";"Cuernecillos, Lotus spp.";"Lotus spp.";"1LOTG";"Se incluyen especies plurianuales del género Lotus como L.corniculatus.";13/04/2023;;
"119";"1.1.2.5.3";"Carretones, alfalfas, Medicago spp. (especies plurianuales)";"Medicago spp.";"1MEDG, perennial species";"Se incluyen especies plurianuales del género Medicago como M.sativa.";13/04/2023;;
"120";"1.1.2.5.4";"Tréboles, Trifolium spp. (especies plurianuales)";"Trifolium spp.";"1TRFG, perennial species";"Se incluyen especies plurianuales del género Trifolium como T.repens o T.pratense.";13/04/2023;;
"121";"1.1.2.6";"Malváceas plurianuales";"Malvaceae";"1MALF, perennial species";;13/04/2023;;
"122";"1.1.2.6.1";"Malvas, Malva spp. (especies plurianuales)";"Malva spp.";"1MALG, perennial species";"Se incluyen especies plurianuales del género Malva como M.sylvestris y M.neglecta.";13/04/2023;;
"123";"1.1.2.7";"Oxalidáceas plurianuales";;;;13/04/2023;;
"124";"1.1.2.7.1";"Acederillas, aleluyas, Oxalis spp.";"Oxalis spp.";"1OXAG";"Se incluyen especies del género Oxalis como O.corniculata, O. pes-caprae y O.latifolia";13/04/2023;;
"125";"1.1.2.8";"Plantagináceas plurianuales";"Plantaginaceae";"1PLAF, perennial species";;13/04/2023;;
"126";"1.1.2.8.1";"Llantén, Plantago spp. (especies plurianuales)";"Plantago spp.";"1PLAG, perennial species";"Se incluyen especies plurianuales del género Plantago como P.lanceolata y P.major.";13/04/2023;;
"127";"1.1.2.9";"Poligonáceas plurianuales";"Polygonaceae";"1POLF, perennial species";;13/04/2023;;
"128";"1.1.2.9.1";"Romazas, acederas, Rumex spp. (especies plurianuales)";"Rumex spp.";"RUMCR, perennial species";"Se incluyen especies plurianuales del género Rumex como R.crispus, R.obtusifolius y R.acetosella.";13/04/2023;;
"129";"1.1.2.10";"Rubiáceas plurianuales";"Rubiaceae";"1RBIG, perennial species";;13/04/2023;;
"130";"1.1.2.10.1";"Rubia, Rubia peregrina";"Rubia peregrina";"RBIPE";;13/04/2023;;
"131";"1.1.2.11";"Umbelíferas plurianuales";"Umbelliferae";"1UMBF, perennial species";;13/04/2023;;
"132";"1.1.2.11.1";"Cardo corredor, Eryngium campestre";"Eryngium campestre";"ERXCA";;13/04/2023;;
"133";"1.1.2.12";"Urticáceas plurianuales";"Urticaceae";"1URTF, perennial species";;13/04/2023;;
"134";"1.1.2.12.1";"Parietaria, Parietaria judaica";"Parietaria judaica";"PAIDI";;13/04/2023;;
"135";"1.1.2.12.2";"Ortiga, Urtica dioica";"Urtica dioica";"URTDI";;13/04/2023;;
"136";"1.2.";"Monocotiledóneas, malas hierbas de hoja estrecha";"Monocotiledóneas, malas hierbas de hoja estrecha";"3MNCOT";"No se incluyen en este grupo las monocotiledóneas acuáticas que se mencionan en el grupo 1.4.";13/04/2023;;
"137";"1.2.1.";"Monocotiledóneas anuales";"Monocotiledóneas anuales";"3ANMNT";;13/04/2023;;
"138";"1.2.1.1 ";"Gramíneas anuales";"Poaceae";"1GRAF, only annual species";;13/04/2023;;
"139";"1.2.1.1.1";"Cola de zorro, Alopecurus myosuroides";"Alopecurus myosuroides";"ALOMY";;13/04/2023;;
"140";"1.2.1.1.2";"Apera, Apera spp.";"Apera spp.";"1APEG";"Se incluyen las especies del Apera: A. spica-venti y A.interrupta.";13/04/2023;;
"141";"1.2.1.1.3";"Avenas locas, Avena spp.";"Avena spp.";"1AVEG";"Se incluyen especies del género Avena como A.fatua, A.sterilis y A.barbata.";13/04/2023;;
"142";"1.2.1.1.4";"Bromos, Bromus spp. (especies anuales)";"Bromus spp.";"1BROG, only annual species";"Se incluyen especies anuales del género Bromus como B.diandrus, B.madritensis, B.sterilis y B.tectorum.";13/04/2023;;
"143";"1.2.1.1.5";"Digitaria, Digitaria sanguinalis";"Digitaria sanguinalis";"DIGSA";;13/04/2023;;
"144";"1.2.1.1.6";"Pies de gallina, Echinochloa spp.";"Echinochloa spp.";"1ECHG";"Se incluyen especies del género Echinochloa como E.colonum, E.crus-galli y E.oryzoides.";13/04/2023;;
"145";"1.2.1.1.7";"Cebadilla de ratón, Hordeum murinum";"Hordeum murinum";"HORMU";;13/04/2023;;
"146";"1.2.1.1.8";"Hierba peluda, Leersia oryzoides";"Leersia oryzoides";"LEROR";;13/04/2023;;
"147";"1.2.1.1.9";"Hierba gitana, Leptochloa fusca";"Leptochloa fusca";"DPCFU";"Se incluyen la subsp.uninervia y la subsp.fascicularis.";13/04/2023;;
"148";"1.2.1.1.10";"Vallico, Lolium rigidum";"Lolium rigidum";"LOLRI";;13/04/2023;;
"149";"1.2.1.1.11";"Milium vernale";"Milium vernale";"MLISC";;13/04/2023;;
"150";"1.2.1.1.12";"Arroz salvaje, Oryza sativa";"Oryza sativa";"NNNVO, rice";"Rebrotes de cultivos anteriores.";13/04/2023;;
"151";"1.2.1.1.13";"Mijo fino, Panicum spp. (especies anuales)";"Panicum spp.";"1PANG, only annual species";"Se incluyen especies anuales del género Panicum como P.dichotomiflorum.";13/04/2023;;
"152";"1.2.1.1.14";"Alpistes, Phalaris spp. (especies anuales)";"Phalaris spp.";"1PHAG, only annual species";"Se incluyen especies anuales del género Phalaris como Ph.minor y Ph.paradoxa.";13/04/2023;;
"153";"1.2.1.1.15";"Poa spp. (especies anuales)";"Poa spp.";"1POAG, only annual species";"Se incluyen especies anuales del género Poa como P.annua y P. infirma.";13/04/2023;;
"154";"1.2.1.1.16";"Flecos de lana, Polypogon monspeliensis";"Polypogon monspeliensis";"POHMO";;13/04/2023;;
"155";"1.2.1.1.17";"Setarias, almorejos, Setaria spp.";"Setaria spp.";"1SETG";"Se incluyen especies del género Setaria como S.adhaerens, S.pumila, S.verticillata y S.viridis.";13/04/2023;;
"156";"1.2.1.1.18";"Espiguillas, Vulpia spp.";"Vulpia spp.";"1VLPG";"Se incluyen especies del género Vulpia como V.bromoides, V.ciliata y V.myurus.";13/04/2023;;
"157";"1.2.1.1.19";"Ricio de cereales, Poaceae";"Poaceae";"NNNGA";"Rebrotes de cultivos anteriores.";13/04/2023;;
"158";"1.2.1.2 ";"Ciperáceas anuales";"Cyperaceae";"1CYPF, only annual species";;13/04/2023;;
"159";"1.2.1.2.1";"Juncia, Cyperus difformis";"Cyperus difformis";"CYPDI";;13/04/2023;;
"160";"1.2.1.2.2";"Schoenoplectus spp. (especies anuales)";"Schoenoplectus spp.";"1SQWG, only annual species";"Se incluyen especies anuales del género Schoenoplectus como S.supinus.";13/04/2023;;
"161";"1.2.2.";"Monocotiledóneas plurianuales";"Monocotiledóneas plurianuales";"3PEMNT";;13/04/2023;;
"162";"1.2.2.1";"Gramíneas plurianuales";"Poaceae";"1GRAF, perennial species";;13/04/2023;;
"163";"1.2.2.1.1";"Agrostis stolonifera";"Agrostis stolonifera";"AGSST";;13/04/2023;;
"164";"1.2.2.1.2";"Cańa común, Arundo donax";"Arundo donax";"ABKDO";;13/04/2023;;
"165";"1.2.2.1.3";"Bromos, Bromus spp. (especies plurianuales)";"Bromus spp.";"1BROG, perennial species";"Se incluyen especies plurianuales del género Bromus como B.catharticus.";13/04/2023;;
"166";"1.2.2.1.4";"Plumero de la Pampa, Cortaderia selloana";"Cortaderia selloana";"CDTSE";;13/04/2023;;
"167";"1.2.2.1.5";"Grama, Cynodon dactylon";"Cynodon dactylon";"CYNDA";;13/04/2023;;
"168";"1.2.2.1.6";"Hierba del maná, Glyceria fluitans";"Glyceria fluitans";"GLYFL";;13/04/2023;;
"169";"1.2.2.1.7";"Vallicos, Lolium spp. (especies plurianuales)";"Lolium spp.";"LOLG, perennial species";"Se incluyen especies plurianuales del género Lolium como L. perenne y L. multiflorum.";13/04/2023;;
"170";"1.2.2.1.8";"Gramas de agua, Paspalum spp.";"Paspalum spp.";"1PASG";"Se incluyen especies plurianuales del género Paspalum como P.dilatatum y P.paspalodes.";13/04/2023;;
"171";"1.2.2.1.9";"Alpistes, Phalaris spp. (especies plurianuales)";"Phalaris spp.";"1PHAG, perennial species";"Se incluyen especies anuales del género Phalaris como Ph.coerulescens.";13/04/2023;;
"172";"1.2.2.1.10";"Carrizo, Phragmites australis";"Phragmites australis";"PHRCO";;13/04/2023;;
"173";"1.2.2.1.11";"Poa spp. (especies plurianuales)";"Poa spp.";"1POAG, perennial species";"Se incluyen especies plurianuales del género Poa como P.trivialis.";13/04/2023;;
"174";"1.2.2.1.12";"Cańota, Sorghum halepense";"Sorghum halepense";"SORHA";;13/04/2023;;
"175";"1.2.2.2 ";"Ciperáceas plurianuales";"Cyperaceae";"1CYPF, perennial species";;13/04/2023;;
"176";"1.2.2.2.1";"Juncias, Cyperus spp. (especies plurianuales)";"Cyperus spp.";"1CYPG";"Se incluyen especies plurianuales del género Cyperus como C.rotundus y C.esculentus.";13/04/2023;;
"177";"1.2.2.2.2";"Castańuela, Bolboschoenus spp.";"Bolboschoenus spp.";"SCPMA";"Se incluyen especies del género Bolboschoenus como B.maritimus y B.glaucus (antiguamente incluidos en el género Scirpus).";13/04/2023;;
"178";"1.2.2.2.3";"Schoenoplectus spp. (especies plurianuales)";"Schoenoplectus spp.";"1SQWG, perennial species";"Se incluyen especies plurianuales del género Schoenoplectus como S.mucronatus, S.lacustris y S.juncoides.";13/04/2023;;
"179";"1.3.";"Malas hierbas leńosas";"Malas hierbas leńosas";"3WOOWT";;13/04/2023;;
"180";"1.3.1.";"Tocones de árboles y arbustos";"Tocones de árboles y arbustos";"3STUMO";;13/04/2023;;
"181";"1.4.";"Malas hierbas acuáticas";"Malas hierbas acuáticas";"3AQUWT";;13/04/2023;;
"182";"1.4.1";"Malas hierbas acuáticas anuales";"Malas hierbas acuáticas anuales";"3AQUWT, only annual species";;13/04/2023;;
"183";"1.4.1.1";"Llantén de agua, Alisma spp.";"Alisma spp.";"1ALSG";"Se incluyen especies del género Alisma como A.lanceolatum y A.plantago-aquatica";13/04/2023;;
"184";"1.4.1.2";"Saeta de agua, Sagittaria sagittifolia";"Sagittaria sagittifolia";"SAGSA";;13/04/2023;;
"185";"1.4.1.3";"Amania, Ammannia spp.";"Ammannia spp.";"1AMMG";"Se incluyen especies del género Ammannia como A.baccifera, A.coccinea y A.robusta.";13/04/2023;;
"186";"1.4.1.4";"Bacopa rotundifolia";"Bacopa rotundifolia";"BAORO";;13/04/2023;;
"187";"1.4.1.5";"Alfabegueta, Bergia capensis";"Bergia capensis";"BGACA";;13/04/2023;;
"188";"1.4.1.6";"Eclipta prostrata";"Eclipta prostrata";"ECLAL";;13/04/2023;;
"189";"1.4.1.7";"Ensalada de pato, Heteranthera spp.";"Heteranthera spp.";"1HETG";"Se incluyen especies del género Heteranthera como H.limosa, H.reniformis y H.rotundifolia.";13/04/2023;;
"190";"1.4.1.8";"Lentejas de agua, Lemna spp.";"Lemna spp.";"1LEMG";"Se incluyen especies del género Lemna como L.gibba y L.minor.";13/04/2023;;
"191";"1.4.1.9";"Fábrega, Lindernia dubia";"Lindernia dubia";"LIDDU";;13/04/2023;;
"192";"1.4.1.10";"Ludwigia grandiflora";"Ludwigia grandiflora";"LUDUR";;13/04/2023;;
"193";"1.4.1.11";"Espiga de agua, Potamogeton spp.";"Potamogeton spp.";"1PTMG";"Se incluyen especies del género Potamogeton como P.nodosus.";13/04/2023;;
"194";"1.4.1.12";"Azolla spp.";"Azolla spp.";"1AZOG";"Se incluyen especies del género Azolla como A.filiculoides y A.caroliniana.";13/04/2023;;
"195";"1.4.2";"Malas hierbas acuáticas plurianuales";" Malas hierbas acuáticas plurianuales";"3AQUWT, perennial species";;13/04/2023;;
"196";"1.4.2.1";"Tifa, enea, espadańa, Typha spp.";"Typha spp.";"1TYHG";"Se incluyen especies del género Typha como T.angustifolia, T.dominguensis y T.latifolia.";13/04/2023;;
"197";"1.5.";"Malas hierbas parásitas";"Malas hierbas parásitas";"QQQQQ";;13/04/2023;;
"198";"1.5.1.";"Cúscutas, Cuscuta spp.";"Cuscuta spp.";"1CVCG";"Se incluyen especies del género Cuscuta como C.campestris, C.europaea y C.ephithymum.";13/04/2023;;
"199";"1.5.2.";"Jopos, Orobanche spp.";"Orobanche spp.";"1ORAG";"Se incluyen especies del género Orobanche como O.cumana (jopo del girasol), O.crenata (leguminosas) y O.ramosa (colza).";13/04/2023;;
"200";"2";"Helechos y afines, Pteridophyta";"Pteridophyta";"1PTEP";"Helechos y afines. No se incluyen aquí las especies del género Azolla, que se han incluido en malas hierbas acuáticas (grupo 1.4).";13/04/2023;;
"201";"2.1.";"Colas de caballo, Equisetum spp.";"Equisetum spp.";"1EQUG";"Se incluyen especies del género Equisetum como E.arvense y E.ramosissimum.";13/04/2023;;
"202";"3.";"Algas";"Algae";"3ALGAT";;13/04/2023;;
"203";"4.";"Musgos";"Bryophyta";"1BRYP";;13/04/2023;;
"204";"5.";"Hepáticas";"Marchantiophyta";"1MHTP";;13/04/2023;;
