"Cůdigo SIEX";"Cůdigo";"CategorŪa";"Nombre cientŪfico";"EPPO cd";"Observaciones";Fecha de alta;Fecha de modificaciůn;Fecha de baja
"1";"6";"Artrůpodos";"Arthropoda";"1ARTHP";"Se incluyen Šcaros, insectos, colťmbolos y miriŠpodos, que pueden llevar a constituir plagas.";30/06/2023;03/07/2024;
"2";"6.1";"Ńcaros";"Acari";"1ACARO";;30/06/2023;03/07/2024;
"3";"6.1.1";"Ńcaros acŠridos, Acaridae";"Acaridae";"1ACARF";;30/06/2023;03/07/2024;
"4";"6.1.1.1";"Ńcaro de los bulbos, Rhizoglyphus echinopus";"Rhizoglyphus echinopus";"RHIGEC";;30/06/2023;03/07/2024;
"5";"6.1.2";"Ńcaros eriůfidos, Eriophyidae";"Eriophyidae";"1ERIOF";;30/06/2023;03/07/2024;
"6";"6.1.2.1";"Ńcaro de las yemas, Acalitus phloeocoptes";"Acalitus phloeocoptes";"ERPHPH";;30/06/2023;03/07/2024;
"7";"6.1.2.2";"Acariosis del olivo, Aceria oleae";"Aceria oleae";"ACEIOL";;30/06/2023;03/07/2024;
"8";"6.1.2.3";"Ńcaro de las maravillas, Aceria sheldoni";"Aceria sheldoni";"ACEISH";;30/06/2023;03/07/2024;
"9";"6.1.2.4";"Ńcaro del bulbo, Aceria tulipae";"Aceria tulipae";"ACEITU";;30/06/2023;03/07/2024;
"10";"6.1.2.5";"Ńcaro del bronceado, Aculops lycopersici";"Aculops lycopersici";"VASALY";;30/06/2023;03/07/2024;
"11";"6.1.2.6";"Acariosis de la vid, Calepitrimerus vitis";"Calepitrimerus vitis";"PHYCVI";;30/06/2023;03/07/2024;
"12";"6.1.2.7";"Erinosis de la vid, Colomerus vitis";"Colomerus vitis";"ERPHVI";;30/06/2023;03/07/2024;
"13";"6.1.2.8";"Ńcaro blanco, Epitrimerus pyri";"Epitrimerus pyri";"EPITPI";;30/06/2023;03/07/2024;
"14";"6.1.2.9";"Erinosis del peral, Eriophyes pyri";"Eriophyes pyri";"ERPHPI";;30/06/2023;03/07/2024;
"15";"6.1.2.10";"Erinosis del nogal, Eriophyes tristiatus, E.erineus";"Eriophyes tristiatus, E.erineus";"ACEITR, ACEIER";;30/06/2023;03/07/2024;
"16";"6.1.2.11";"Badoc, Phytoptus avellanae";"Phytoptus avellanae";"ERPHAV";;30/06/2023;03/07/2024;
"17";"6.1.3";"Ńcaros tetranŪquidos, Tetranychidae";"Tetranychidae";"1TETRF";;30/06/2023;03/07/2024;
"18";"6.1.3.1";"AraŮa amarilla, Eotetranychus carpini";"Eotetranychus carpini";"EOTECA";;30/06/2023;03/07/2024;
"19";"6.1.3.2";"Ńcaro del plateado, Eutetranychus banksi";"Eutetranychus banksi";"EUTEBA";;30/06/2023;03/07/2024;
"20";"6.1.3.3";"Ńcaro oriental, Eutetranychus orientalis";"Eutetranychus orientalis";"EUTEOR";;30/06/2023;03/07/2024;
"21";"6.1.3.4";"AraŮa roja comķn, Tetranychus spp.";"Tetranychus spp.";"1TETRG";"Se incluyen especies del gťnero Tetranychus como T.urticae y T.ludeni.";30/06/2023;03/07/2024;
"22";"6.1.3.5";"Tetranycopsis horridus";"Tetranycopsis horridus";"TTNYHO";;30/06/2023;03/07/2024;
"23";"6.1.3.6";"Ńcaros del aguacate, Oligonychus spp.";"Oligonychus spp.";"1OLIGG";"Se incluyen especies del gťnero Oligonychus como O.perseae y O.punicae.";30/06/2023;03/07/2024;
"24";"6.1.3.7";"Ńcaro rojo de los cŪtricos, Panonychus citri";"Panonychus citri";"METTCI";;30/06/2023;03/07/2024;
"25";"6.1.3.8";"Ńcaro rojo de los frutales, Panonychus ulmi";"Panonychus ulmi";"METTUL";;30/06/2023;03/07/2024;
"26";"6.1.3.9";"Ńcaro del ajo, Petrobia latens";"Petrobia latens";"PETRLA";;30/06/2023;03/07/2024;
"27";"6.1.4";"Ńcaros tarsonťmidos, Tarsonemidae";"Tarsonemidae";"1TARSF";;30/06/2023;03/07/2024;
"28";"6.1.4.1";"AraŮa blanca, Polyphagotarsonemus latus";"Polyphagotarsonemus latus";"HEMTLA";;30/06/2023;03/07/2024;
"29";"6.1.4.2";"AraŮa blanca, Phytonemus pallidus";"Phytonemus pallidus";"TARSPA";;30/06/2023;03/07/2024;
"30";"6.1.5";"Ńcaros tenuipŠlpidos, Tenuipalpidae";"Tenuipalpidae";"1TENUF";;30/06/2023;03/07/2024;
"31";"6.1.5.1";"AraŮa de la roŮa, Brevipalpus lewisi";"Brevipalpus lewisi";"BRVPLE";;30/06/2023;03/07/2024;
"32";"6.2";"Insectos";"Insecta";"†1INSEC";;30/06/2023;03/07/2024;
"33";"6.2.1";"Insectos de almacťn";"Insecta";"1INSEC, warehouse";;30/06/2023;03/07/2024;
"34";"6.2.2";"Insectos chupadores, hemŪpteros";"Hemiptera";"1HEMIO";;30/06/2023;03/07/2024;
"35";"6.2.2.1";"Chinches, heterůpteros";"Heteroptera";"1HETER";;30/06/2023;03/07/2024;
"36";"6.2.2.1.1";"Coreidos, Coreidae";"Coreidae";"1COREF";;30/06/2023;03/07/2024;
"37";"6.2.2.1.1.1";"Chinche de los piŮones, Leptoglossus occidentalis";"Leptoglossus occidentalis";"LEPLOC";;30/06/2023;03/07/2024;
"38";"6.2.2.1.2";"MŪridos, Miridae";"Miridae";"1MIRIF";;30/06/2023;03/07/2024;
"39";"6.2.2.1.2.1";"Calocoris trivialis";"Calocoris trivialis";"CLCRTR";;30/06/2023;03/07/2024;
"40";"6.2.2.1.2.2";"Creontiades pallidus";"Creontiades pallidus";"CREOPA";;30/06/2023;03/07/2024;
"41";"6.2.2.1.2.3";"Liocoris tripustulatus";"Liocoris tripustulatus";"LIOCTR";;30/06/2023;03/07/2024;
"42";"6.2.2.1.2.4";"Lygocoris pabulinus";"Lygocoris pabulinus";"LYGUPA";;30/06/2023;03/07/2024;
"43";"6.2.2.1.2.5";"Lygus gemellatus";"Lygus gemellatus";"LYGUGE";;30/06/2023;03/07/2024;
"44";"6.2.2.1.2.6";"Oxycarenus spp.";"Oxycarenus spp.";"1OXYAG";"Se incluyen especies del gťnero Oxycarenus como O.lavaterae y O. hyalinipennis.";30/06/2023;03/07/2024;
"45";"6.2.2.1.2.7";"Pantilius tunicatus";"Pantilius tunicatus";"PNTUTU";;30/06/2023;03/07/2024;
"46";"6.2.2.1.3";"Pentatůmidos, Pentatomidae";"Pentatomidae";"1PENTF";;30/06/2023;03/07/2024;
"47";"6.2.2.1.3.1";"Garrapatillo del cereal, paulilla, Aelia rostrata";"Aelia rostrata";"AELIRO";;30/06/2023;03/07/2024;
"48";"6.2.2.1.3.2";"Chinche verde, pudenta, Nezara viridula";"Nezara viridula";"NEZAVI";;30/06/2023;03/07/2024;
"49";"6.2.2.1.3.3";"Halyomorpha halys";"Halyomorpha halys";"HALYHA";;30/06/2023;03/07/2024;
"50";"6.2.2.1.3.4";"Chinches de la col, Eurydema spp.";"Eurydema spp.";"1EURDG";"Se incluyen especies del gťnero Eurydema como E. ornata y E.oleraceum.";30/06/2023;03/07/2024;
"51";"6.2.2.1.3.5";"Pudenta del arroz, Eysarcoris spp.";"Eysarcoris spp.";"†1EUSAG";"Se incluyen especies del gťnero Eysarcoris como E. ventralis y E.inconspicuus.";30/06/2023;03/07/2024;
"52";"6.2.2.1.4";"Escutelťridos, Scutelleridae";"Scutelleridae";"1SCURF";;30/06/2023;03/07/2024;
"53";"6.2.2.1.4.1";"Sanpedrito, paulillůn, Eurygaster austriaca";"Eurygaster austriaca";"EURYAU";;30/06/2023;03/07/2024;
"54";"6.2.2.1.5";"TŪngidos, Tingidae";"Tingidae";"1TINGF";;30/06/2023;03/07/2024;
"55";"6.2.2.1.5.1";"Tigre del plŠtano de paseo, Corythucha ciliata";"Corythucha ciliata";"CRTHCI";;30/06/2023;03/07/2024;
"56";"6.2.2.1.5.2";"Tigre del almendro, Monosteira unicostata";"Monosteira unicostata";"MONSUN";;30/06/2023;03/07/2024;
"57";"6.2.2.1.5.3";"Tigre del peral, Stephanitis pyri";"Stephanitis pyri";"STEPPR";;30/06/2023;03/07/2024;
"58";"6.2.2.1.5.4";"Tigre del laurel, Stephanitis lauri";"Stephanitis lauri";"STEPLA";;30/06/2023;03/07/2024;
"59";"6.2.2.2";"Auquenorrincos";"Auchenorrhyncha";"1AUCHR";"HemŪpteros tradicionalmente incluidos en los homůpteros, que incluyen algunas especies comķnmente llamadas mosquitos verdes, saltahojas, chicharritas, u otras de mayor tamaŮo denominadas comķnmente cigarras o chicharras.";30/06/2023;03/07/2024;
"60";"6.2.2.2.1";"Afrofůridos, Aphrophoridae";"Aphrophoridae";"1APHRF";;30/06/2023;03/07/2024;
"61";"6.2.2.2.1.1";"Espumadora, Aphrophora salicina";"†Aphrophora salicina";"APHRSL";;30/06/2023;03/07/2024;
"62";"6.2.2.2.1.2";"Espumadora, Neophilaenus campestris";"Neophilaenus campestris";"NEOPCA";;30/06/2023;03/07/2024;
"63";"6.2.2.2.1.3";"Espumadora, Philaenus spumarius";"Philaenus spumarius";"PHILSU";;30/06/2023;03/07/2024;
"64";"6.2.2.2.2";"Cercůpidos, Cercopidae";"Cercopidae";"1CERCF";;30/06/2023;03/07/2024;
"65";"6.2.2.2.3";"Cicadťlidos, Cicadellidae";"Cicadellidae";"1CICDF";;30/06/2023;03/07/2024;
"66";"6.2.2.2.3.1";"Mosquito verde, Asymmetrasca decedens";"Asymmetrasca decedens";"EMPODC";;30/06/2023;03/07/2024;
"67";"6.2.2.2.3.2";"Saltahojas, Cicadella spp.";"Cicadella spp.";"1CICLG";"Se incluyen especies del gťnero Cicadella como C.viridis.";30/06/2023;03/07/2024;
"68";"6.2.2.2.3.3";"Chicharrita de la remolacha, Circulifer tenellus";"Circulifer tenellus";"CIRCTE";;30/06/2023;03/07/2024;
"69";"6.2.2.2.3.4";"Mosquitos verdes, Empoasca spp.";"Empoasca spp.";"1EMPOG";"Se incluyen especies del gťnero Empoasca como E.vitis y E.decipiens.";30/06/2023;03/07/2024;
"70";"6.2.2.2.3.5";"Mosquito verde, Jacobiasca lybica";"Jacobiasca  lybica";"EMPOLI";;30/06/2023;03/07/2024;
"71";"6.2.2.2.3.6";"Saltahojas, Macrosteles spp.";"Macrosteles spp.";"1MACTG";"Se incluyen especies del gťnero Macrosteles como M.sexnotatus y M.quadripunctulatus.";30/06/2023;03/07/2024;
"72";"6.2.2.2.3.7";"Saltahojas de la vid, Scaphoides titanus";"Scaphoides titanus";"SCAPLI";;30/06/2023;03/07/2024;
"73";"6.2.2.2.3.8";"Saltahojas, Zyginidia spp.";"Zyginidia spp.";"1ZYGNG";"Se incluyen especies del gťnero Zyginidia como Z.scutellaris y Z.pullula.";30/06/2023;03/07/2024;
"74";"6.2.2.2.4";"CicŠdidos, Cicadidae";"Cicadidae";"1CICAF";;30/06/2023;03/07/2024;
"75";"6.2.2.2.4.1";"Cigarra, chicharra, Cicada barbara";"Cicada barbara";"CCDABA";;30/06/2023;03/07/2024;
"76";"6.2.2.2.5";"CŪxidos, Cixiidae";"Cixiidae";"1CIXIF";;30/06/2023;03/07/2024;
"77";"6.2.2.2.5.1";"Hyalesthes obsoletus";"Hyalesthes obsoletus";"HYAEOB";;30/06/2023;03/07/2024;
"78";"6.2.2.2.6";"DelfŠcidos, Delphacidae";"Delphacidae";"1DELPF";;30/06/2023;03/07/2024;
"79";"6.2.2.2.6.1";"Laodelphax striatelus";"Laodelphax striatelus";"CALGMA";;30/06/2023;03/07/2024;
"80";"6.2.2.2.7";"FlŠtidos, Flatidae";"Flatidae";"1FLATF";;30/06/2023;03/07/2024;
"81";"6.2.2.2.7.1";"Metcalfa pruinosa";"Metcalfa pruinosa";"METFPR";;30/06/2023;03/07/2024;
"82";"6.2.2.3";"Esternorrincos";"Sternorrhyncha";"1STERR";"HemŪpteros tradicionalmente incluidos en los homůpteros, que incluyen a los pulgones, moscas blancas, psilas y cochinillas.";30/06/2023;03/07/2024;
"83";"6.2.2.3.1";"Moscas blancas, Aleyrodidae";"Aleyrodidae";"1ALEYF";;30/06/2023;03/07/2024;
"84";"6.2.2.3.1.1";"Mosca blanca, Aleurodicus spp.";"Aleurodicus spp.";"1ALEDG";"Se incluyen especies del gťnero Aleurodicus como A.dispersus y A.floccissimus.";30/06/2023;03/07/2024;
"85";"6.2.2.3.1.2";"Mosca blanca algodonosa, Aleurothrixus floccosus";"Aleurothrixus floccosus";"ALTHFL";;30/06/2023;03/07/2024;
"86";"6.2.2.3.1.3";"Mosca blanca, Aleyrodes proletella";"Aleyrodes proletella";"ALEUPR";;30/06/2023;03/07/2024;
"87";"6.2.2.3.1.4";"Mosca blanca, Bemisia tabaci";"Bemisia tabaci";"BEMITA";;30/06/2023;03/07/2024;
"88";"6.2.2.3.1.5";"Mosca blanca, Trialeurodes vaporariorum";"Trialeurodes vaporariorum";"TRIAVA";;30/06/2023;03/07/2024;
"89";"6.2.2.3.2";"AfalŠridos, Aphalaridae";"Aphalaridae";"APHAF";;30/06/2023;03/07/2024;
"90";"6.2.2.3.2.1";"PsŪlido del eucalipto, Blastopsylla occidentalis";"Blastopsylla occidentalis";"BLSPOC";;30/06/2023;03/07/2024;
"91";"6.2.2.3.2.2";"PsŪlido del eucalipto, Ctenarytaina spp.";"Ctenarytaina spp.";"1CTNRG";"Se incluyen especies del gťnero Ctenarytaina como Ctenarytaina eucalypti y C.spatulata.";30/06/2023;03/07/2024;
"92";"6.2.2.3.2.3";"PsŪlido del eucalipto rojo, Glycaspis brimblecombei";"Glycaspis brimblecombei";"GLYSBR";;30/06/2023;03/07/2024;
"93";"6.2.2.3.3";"Ńfidos, pulgones, Aphididae";"Aphididae";"1APHIF";;30/06/2023;03/07/2024;
"94";"6.2.2.3.3.1";"Pulgůn del guisante, Acyrthosiphon pisum";"Acyrthosiphon pisum";"ACYRON";;30/06/2023;03/07/2024;
"95";"6.2.2.3.3.3";"Pulgůn negro de las legumonisas, Aphis craccivora";"Aphis craccivora";"APHICR";;30/06/2023;03/07/2024;
"96";"6.2.2.3.3.4";"Pulgůn negro de las habas, Aphis fabae";"Aphis fabae";"APHIFA";;30/06/2023;03/07/2024;
"97";"6.2.2.3.3.5";"Pulgůn del algodůn, Aphis gossypii";"Aphis gossypii";"APHIGO";;30/06/2023;03/07/2024;
"98";"6.2.2.3.3.6";"Pulgůn verde del manzano, Aphis pomi";"Aphis pomi";"APHIPO";;30/06/2023;03/07/2024;
"99";"6.2.2.3.3.7";"Pulgůn de la fresa, Aphis ruborum";"Aphis ruborum";"APHIRB";;30/06/2023;03/07/2024;
"100";"6.2.2.3.3.8";"Pulgůn verde de los cŪtricos, Aphis spiraecola";"Aphis spiraecola";"APHISI";;30/06/2023;03/07/2024;
"101";"6.2.2.3.3.10";"Pulgůn, Aulacorthum solani";"Aulacorthum solani";"AULASO";;30/06/2023;03/07/2024;
"102";"6.2.2.3.3.12";"Pulgůn del cardo, Brachycaudus cardui";"Brachycaudus cardui";"BRDSCA";;30/06/2023;03/07/2024;
"103";"6.2.2.3.3.13";"Pulgůn verde del ciruelo, Brachycaudus helichrysi";"Brachycaudus helichrysi";"ANURHE";;30/06/2023;03/07/2024;
"104";"6.2.2.3.3.17";"Pulgůn ceroso de crucŪferas, Brevicoryne brassicae";"Brevicoryne brassicae";"BRVCBR";;30/06/2023;03/07/2024;
"105";"6.2.2.3.3.18";"Pulgůn del nogal, Callaphis juglandis";"Callaphis juglandis";"CLLAJU";;30/06/2023;03/07/2024;
"106";"6.2.2.3.3.19";"Pulgůn, Capitophorus horni";"Capitophorus horni";"CAPIHO";;30/06/2023;03/07/2024;
"107";"6.2.2.3.3.20";"Pulgůn de la fresa, Chaetosiphon fragaefolii";"Chaetosiphon fragaefolii";"CHTSFR";;30/06/2023;03/07/2024;
"108";"6.2.2.3.3.21";"Pulgůn del nogal, Chromaphis juglandicola";"Chromaphis juglandicola";"CHRAJU";;30/06/2023;03/07/2024;
"109";"6.2.2.3.3.22";"Pulgůn del avellano, Corylobium avellanae";"Corylobium avellanae";"CRLOAV";;30/06/2023;03/07/2024;
"110";"6.2.2.3.3.23";"Pulgůn ruso del trigo, Diuraphis noxia";"Diuraphis noxia";"BRAYNO";;30/06/2023;03/07/2024;
"111";"6.2.2.3.3.24";"Pulgůn ceniciento, Dysaphis plantaginea";"Dysaphis plantaginea";"DYSAPL";;30/06/2023;03/07/2024;
"112";"6.2.2.3.3.25";"Pulgůn gris del peral, Dysaphis pyri";"Dysaphis pyri";"DYSAPY";;30/06/2023;03/07/2024;
"113";"6.2.2.3.3.26";"Pulgůn lanŪgero del manzano, Eriosoma lanigerum";"Eriosoma lanigerum";"ERISLA";;30/06/2023;03/07/2024;
"114";"6.2.2.3.3.27";"Pulgůn harinoso, Hyalopterus amygdali";"Hyalopterus amygdali";"HYALAM";;30/06/2023;03/07/2024;
"115";"6.2.2.3.3.28";"Pulgůn harinoso, Hyalopterus pruni";"Hyalopterus pruni";"HYALPR";;30/06/2023;03/07/2024;
"116";"6.2.2.3.3.29";"Pulgůn de la lechuga, Hyperomyzus lactucae";"Hyperomyzus lactucae";"HYPELA";;30/06/2023;03/07/2024;
"117";"6.2.2.3.3.30";"Pulgůn verde de la patata, Macrosiphum euphorbiae";"Macrosiphum euphorbiae";"MACSEU";;30/06/2023;03/07/2024;
"118";"6.2.2.3.3.31";"Pulgůn rojo del rosal, Macrosiphum rosae";"Macrosiphum rosae";"MACSRO";;30/06/2023;03/07/2024;
"119";"6.2.2.3.3.32";"Pulgůn de las hojas de los cereales, Metopolophium dirhodum";"Metopolophium dirhodum";"METODR";;30/06/2023;03/07/2024;
"120";"6.2.2.3.3.33";"Pulgůn del avellano, Myzocallis coryli";"Myzocallis coryli";"MYZCCO";;30/06/2023;03/07/2024;
"121";"6.2.2.3.3.34";"Pulgůn negro, Myzus cerasi";"Myzus cerasi";"MYZUCE";;30/06/2023;03/07/2024;
"122";"6.2.2.3.3.35";"Pulgůn del tabaco, Myzus nicotianae";"Myzus nicotianae";"MYZUNI";;30/06/2023;03/07/2024;
"123";"6.2.2.3.3.36";"Myzus ornatus";"Myzus ornatus";"MYZUPO";;30/06/2023;03/07/2024;
"124";"6.2.2.3.3.37";"Pulgůn verde, Myzus persicae";"Myzus persicae";"MYZUPE";;30/06/2023;03/07/2024;
"125";"6.2.2.3.3.38";"Pulgůn de la lechuga, Nasonovia ribisnigri";"Nasonovia ribisnegri";"NASORN";;30/06/2023;03/07/2024;
"126";"6.2.2.3.3.39";"Pulgůn de la raŪz de la lechuga, Pemphigus bursarius";"Pemphigus bursarius";"PEMPBU";;30/06/2023;03/07/2024;
"127";"6.2.2.3.3.40";"Pulgůn marrůn del banano, Pentalonia nigronervosa";"Pentalonia nigronervosa";"PENLNI";;30/06/2023;03/07/2024;
"128";"6.2.2.3.3.41";"Pulgůn lanŪgero del chopo, Phloeomyzus passerinii";"Phloeomyzus passerinii";"PHLOPA";;30/06/2023;03/07/2024;
"129";"6.2.2.3.3.43";"Pulgůn negro de la madera, Pterochloroides persicae";"Pterochloroides persicae";"PTECPE";;30/06/2023;03/07/2024;
"130";"6.2.2.3.3.44";"Pulgůn verde del maŪz, Rhopalosiphum maidis";"Rhopalosiphum maidis";"RHOPMA";;30/06/2023;03/07/2024;
"131";"6.2.2.3.3.45";"Pulgůn del manzano, Rhopalosiphum oxyacanthae";"Rhopalosiphum oxyacanthae";"RHOPIN";"Tambiťn descrito como Rhopalosiphum insertum.";30/06/2023;03/07/2024;
"132";"6.2.2.3.3.46";"Pulgůn de las hojas de los cereales, Rhopalosiphum padi";"Rhopalosiphum padi";"RHOPPA";;30/06/2023;03/07/2024;
"133";"6.2.2.3.3.47";"Pulgůn de las hojas de los cereales, Schizaphis graminum";"Schizaphis graminum";"TOXOGR";;30/06/2023;03/07/2024;
"134";"6.2.2.3.3.48";"Pulgones de cereales, Sipha spp.";"Sipha spp.";"1SIPHG";"Se incluyen especies del gťnero Sipha como S.maydis y S.flava.";30/06/2023;03/07/2024;
"135";"6.2.2.3.3.49";"Pulgůn de la espiga, Sitobion avenae";"Sitobion avenae";"MACSAV";;30/06/2023;03/07/2024;
"136";"6.2.2.3.3.50";"Pulgůn moteado, Therioaphis trifolii";"Therioaphis trifolii";"THERTR";;30/06/2023;03/07/2024;
"137";"6.2.2.3.4";"AsterolecŠnidos, Asterolecaniidae";"Asterolecaniidae";"1ASTEF";;30/06/2023;03/07/2024;
"138";"6.2.2.3.4.1";"Cochinilla globosa del olivo, Pollinia pollini";"Pollinia pollini";"POLNPO";;30/06/2023;03/07/2024;
"139";"6.2.2.3.5";"Cochinillas, Coccidae";"Coccidae";"1COCCF";;30/06/2023;03/07/2024;
"140";"6.2.2.3.5.1";"Cochinilla blanda de los cŪtricos, Coccus herperidum";"Coccus herperidum";"COCCHE";;30/06/2023;03/07/2024;
"141";"6.2.2.3.5.2";"Caparretas blancas, Ceroplastes spp.";"Ceroplastes spp.";"1CERG";"Se incluyen especies del gťnero Ceroplastes como C.floridensis, C.rusci y C.sinensis.";30/06/2023;03/07/2024;
"142";"6.2.2.3.5.3";"Cochinilla del avellano, Eulecanium tiliae";"Eulecanium tiliae";"LECATI";;30/06/2023;03/07/2024;
"143";"6.2.2.3.5.4";"Escama negra, Parasaissetia nigra";"Parasaissetia nigra";"SAISNI";;30/06/2023;03/07/2024;
"144";"6.2.2.3.5.5";"Cochinilla de la vid, Parthenolecanium corni";"Parthenolecanium corni";"LECACO";;30/06/2023;03/07/2024;
"145";"6.2.2.3.5.6";"Cochinilla piriforme, Protopulvinaria pyriformis";"Protopulvinaria pyriformis";"PROPPY";;30/06/2023;03/07/2024;
"146";"6.2.2.3.5.7";"Cochinilla de escudo verde, Pulvinaria psidii";"Pulvinaria psidii";"PULVPS";;30/06/2023;03/07/2024;
"147";"6.2.2.3.5.8";"Caparreta negra, Saissetia oeae";"Saissetia oleae";"SAISOL";;30/06/2023;03/07/2024;
"148";"6.2.2.3.6";"Cochinillas harinosas, Pseudococcidae";"Pseudococcidae";"1PSEUF";;30/06/2023;03/07/2024;
"149";"6.2.2.3.6.1";"Cotonet africano, Delottococcus aberiae";"Delottococcus aberiae";"DLTCAB";;30/06/2023;03/07/2024;
"150";"6.2.2.3.6.2";"Cochinilla de la platanera, Dysmicoccus grassii";"Dysmicoccus grassii";"DYSMGR";;30/06/2023;03/07/2024;
"151";"6.2.2.3.6.3";"Cochinilla espinosa del aguacate, Nipaecoccus nipae";"Nipaecoccus nipae";"NIPANI";;30/06/2023;03/07/2024;
"152";"6.2.2.3.6.4";"Phenacoccus spp.";"Phenacoccus spp.";"1PHENG";"Se incluyen especies del gťnero Phenacoccus como Ph.solani y Ph.madeirensis.";30/06/2023;03/07/2024;
"153";"6.2.2.3.6.5";"Cotonet, Planococcus citri";"Planococcus citri";"PSECCI";;30/06/2023;03/07/2024;
"154";"6.2.2.3.6.6";"Melazo de la vid, Planococcus ficus";"Planococcus ficus";"PLANFI";;30/06/2023;03/07/2024;
"155";"6.2.2.3.6.7";"Cochinillas harinosas, Pseudococcus spp.";"Pseudococcus spp.";"1PSECG";"Se incluyen especies del gťnero Pseudococcus como P.longispinus y P.viburni.";30/06/2023;03/07/2024;
"156";"6.2.2.3.7";"Piojos, Diaspididae";"Diaspididae";"1DIASF";;30/06/2023;03/07/2024;
"157";"6.2.2.3.7.1";"Piojo rojo de California, Aonidiella aurantii";"Aonidiella aurantii";"AONDAU";;30/06/2023;03/07/2024;
"158";"6.2.2.3.7.2";"Piojo blanco, Aspidiotus nerii";"Aspidiotus nerii";"ASPDNE";;30/06/2023;03/07/2024;
"159";"6.2.2.3.7.3";"Cochinilla de la nieve, Aulacaspis tubercularis";"Aulacaspis tubercularis";"AULSTU";;30/06/2023;03/07/2024;
"160";"6.2.2.3.7.4";"Serpeta gruesa de los cŪtricos, Lepidosaphes beckii";"Lepidosaphes beckii";"LEPSBE";;30/06/2023;03/07/2024;
"161";"6.2.2.3.7.5";"Serpeta fina de los cŪtricos, Lepidosaphes gloverii";"Lepidosaphes gloverii";"LEPSGL";;30/06/2023;03/07/2024;
"162";"6.2.2.3.7.6";"Serpeta de frutales, Lepidosaphes ulmi";"Lepidosaphes ulmi";"LEPSUL";;30/06/2023;03/07/2024;
"163";"6.2.2.3.7.7";"Conchita violeta, Parlatoria oleae";"Parlatoria oleae";"PARLOL";;30/06/2023;03/07/2024;
"164";"6.2.2.3.7.8";"Piojo gris, Parlatoria pergandei";"Parlatoria pergandei";"PARLPE";;30/06/2023;03/07/2024;
"165";"6.2.2.3.7.9";"Piojo de la morera, Pseudaulacaspis pentagona";"Pseudaulacaspis pentagona";"PSEAPE";;30/06/2023;03/07/2024;
"166";"6.2.2.3.7.10";"Piojo de San Josť, Quadraspidiotus perniciosus";"Quadraspidiotus perniciosus";"QUADPE";;30/06/2023;03/07/2024;
"167";"6.2.2.3.7.11";"Cochinilla del evůnimo, Unaspis euonymi";"Unaspis euonymi";"UNASEU";;30/06/2023;03/07/2024;
"168";"6.2.2.3.8";"Homotůmidos, Homotomidae";"Homotomidae";"1HOMTF";;30/06/2023;03/07/2024;
"169";"6.2.2.3.8.1";"Psila de la higuera, Homotoma ficus";"Homotoma ficus";"HMTFI";;30/06/2023;03/07/2024;
"170";"6.2.2.3.9";"Quermťsidos, Kermesidae";"Kermesidae";"1KERMF";;30/06/2023;03/07/2024;
"171";"6.2.2.3.9.1";"Kermes spp.";"Kermes spp.";"1KERMG";"Se incluyen especies del gťnero Kermes como K.ilicis, K.roboris y K.vermilio.";30/06/2023;03/07/2024;
"172";"6.2.2.3.10";"LŪvidos, Liviidae";"Liviidae";"1LIVIF";;30/06/2023;03/07/2024;
"173";"6.2.2.3.10.1";"Algodůn del olivo, tramilla, Euphyllura olivina";"Euphyllura olivina";"EUPHOL";;30/06/2023;03/07/2024;
"174";"6.2.2.3.11";"Margarůdidos, Margarodidae";"Margarodidae";"1MARGF";;30/06/2023;03/07/2024;
"175";"6.2.2.3.11.1";"Cochinilla acanalada, Icerya purchasi";"Icerya purchasi";"ICERPU";;30/06/2023;03/07/2024;
"176";"6.2.2.3.11.2";"Cochinilla harinosa, Icerya seychellarum";"Icerya seychellarum";"ICERSE";;30/06/2023;03/07/2024;
"177";"6.2.2.3.12";"Filoxeras, Phylloxeridae";"Phylloxeridae";"1PHYXF";;30/06/2023;03/07/2024;
"178";"6.2.2.3.12.1";"Filoxera del peral, Aphanostigma piri";"Aphanostigma piri";"APHSPI";;30/06/2023;03/07/2024;
"179";"6.2.2.3.12.2";"Filoxera de la vid, Daktulosphaira vitifoliae";"Daktulosphaira vitifoliae";"VITEVI";;30/06/2023;03/07/2024;
"180";"6.2.2.3.13";"PsŪlidos, Psyllidae";"Psyllidae";"1PSYLF";"No confundir con los dŪpteros psŪlidos (Psilidae)";30/06/2023;03/07/2024;
"181";"6.2.2.3.13.1";"Psilas del pistacho, Agonoscena spp.";"Agonoscena spp.";"1AGONG";"Se incluyen especies del gťnero Agonoscena como A.pistaciae y A.targionii";30/06/2023;03/07/2024;
"182";"6.2.2.3.13.2";"Psila del peral, Cacopsylla pyri";"Cacopsylla pyri";"PSYLPI";;30/06/2023;03/07/2024;
"183";"6.2.2.3.13.3";"Psila del aliso, Psylla alni";"Psylla alni";"PSYLAL";;30/06/2023;03/07/2024;
"184";"6.2.2.3.13.4";"Psila del manzano, Psylla mali";"Psylla mali";"PSYLMA";"Tambiťn descrito como Cacopsylla mali.";30/06/2023;03/07/2024;
"185";"6.2.2.3.14";"Triůcidos, Triozidae";"Triozidae";"1TRIZF";;30/06/2023;03/07/2024;
"186";"6.2.2.3.14.1";"Trioza, Bactericera trigonica";"Bactericera trigonica";"BCTCSP";;30/06/2023;03/07/2024;
"187";"6.2.2.3.14.2";"Psila africana, Trioza erytreae";"Trioza erytreae";"TRIZER";;30/06/2023;03/07/2024;
"188";"6.2.2.3.14.3";"Trioza, Trioza nigricornis";"Trioza nigricornis";"TRIZBR";;30/06/2023;03/07/2024;
"189";"6.2.3";"Trips";"Thripidae";"1THRIF";;30/06/2023;03/07/2024;
"190";"6.2.3.1";"Trips de la vid, Drepanothrips reuteri";"Drepanothrips reuteri";"DRETE";;30/06/2023;03/07/2024;
"191";"6.2.3.2";"Trips, Frankliniella occidentalis";"Frankliniella occidentalis";"FRANOC";;30/06/2023;03/07/2024;
"192";"6.2.3.3";"Trips del trigo, Haplothrips tritici";"Haplothrips tritici";"HAPLTR";;30/06/2023;03/07/2024;
"193";"6.2.3.4";"Trips, Heliothrips haemorrhoidalis";"Heliothrips haemorrhoidalis";"HELTHA";;30/06/2023;03/07/2024;
"194";"6.2.3.5";"Trips del racimo, Hercinothrips spp.";"Hercinothrips spp.";"1HERCG";"Se incluyen especies del gťnero Hercinothrips como H.femoralis, H.bicinctus";30/06/2023;03/07/2024;
"195";"6.2.3.6";"AraŮuelo del olivo, Liothrips oleae";"Liothrips oleae";"LIOTOL";;30/06/2023;03/07/2024;
"196";"6.2.3.7";"Trips de los cŪtricos, Pezothrips kellyanus";"Pezothrips kellyanus";"PEZTKE";;30/06/2023;03/07/2024;
"197";"6.2.3.8";"Trips, Thrips spp.";"Thrips spp.";"1THRIG";"Se incluyen especies del gťnero Thrips como Th.angusticeps, Th.florum y Th.tabaci.";30/06/2023;03/07/2024;
"198";"6.2.4";"Lepidůpteros";"Lepidoptera";"1LEPIO";;30/06/2023;03/07/2024;
"199";"6.2.4.1";"CŠstnidos, Castniidae";"Castniidae";"1CASTF";;30/06/2023;03/07/2024;
"200";"6.2.4.1.1";"Barrenador de palmŠceas, Paysandisia archon";"Paysandisia archon";"PAYSAR";;30/06/2023;03/07/2024;
"201";"6.2.4.2";"Chorťutidos, Choreutidae";"Choreutidae";"1CHORF";;30/06/2023;03/07/2024;
"202";"6.2.4.2.1";"Polilla de la alcachofa, Tebenna spp.";"Tebenna spp.";"1TEBEG";"Se incluyen especies del gťneroTebenna como T.bjerkandrella y T.micalis";30/06/2023;03/07/2024;
"203";"6.2.4.3";"Cůsidos, Cossidae";"Cossidae";"1COSSF";;30/06/2023;03/07/2024;
"204";"6.2.4.3.1";"Taladro del tronco, Cossus cossus";"Cossus cossus";"COSSCO";;30/06/2023;03/07/2024;
"205";"6.2.4.3.2";"Taladro del ajo, Dyspessa ulula";"Dyspessa ulula";"DYSPUL";;30/06/2023;03/07/2024;
"206";"6.2.4.3.4";"Taladro del chopo y del sauce, Paranthrene tabaniformis";"Paranthrene tabaniformis";"PARHTA";;30/06/2023;03/07/2024;
"207";"6.2.4.3.5";"Sesias,  Synanthedon spp.";"Synanthedon spp.";"1SYNAG";"Se incluyen especies del gťnero Synanthedon como S.myopaeformis, S.tipuliformis y S.vespiformis";30/06/2023;03/07/2024;
"208";"6.2.4.3.6";"Taladro amarillo de los frutales, Zeuzera pyrina";"Zeuzera pyrina";"ZEUZPY";;30/06/2023;03/07/2024;
"209";"6.2.4.4";"CrŠmbidos, Crambidae";"Crambidae";"1CRAMF";;30/06/2023;03/07/2024;
"210";"6.2.4.4.1";"Chilo, Chilo suppressalis";"Chilo suppressalis";"CHILSU";;30/06/2023;03/07/2024;
"211";"6.2.4.4.2";"Polilla del boj, Cydalima perspectalis";"Cydalima perspectalis";"DPHNPE";;30/06/2023;03/07/2024;
"212";"6.2.4.4.3";"Piral de la col, Evergestis forficalis";"Evergestis forficalis";"EVERFO";;30/06/2023;03/07/2024;
"213";"6.2.4.4.4";"Taladro del tallo, Hellula undalis";"Hellula undalis";"HLULUN";;30/06/2023;03/07/2024;
"214";"6.2.4.4.5";"Palomilla de la remolacha, Loxostege sticticalis";"Loxostege sticticalis";"LOXOST";;30/06/2023;03/07/2024;
"215";"6.2.4.4.6";"Glifodes, Margaronia unionalis";"Margaronia unionalis";"PALPUN";;30/06/2023;03/07/2024;
"216";"6.2.4.5";"DepresŠridos, Depressariidae";"Depressariidae";"1DEPRF";;30/06/2023;03/07/2024;
"217";"6.2.4.5.1";"Depressaria spp.";"Depressaria spp.";"1DEPRG";"Se incluyen especies del gťnero Depressaria como D.erinacella.";30/06/2023;03/07/2024;
"218";"6.2.4.6";"Erťbidos, Erebidae";"Erebidae";"1EREBF";;30/06/2023;03/07/2024;
"219";"6.2.4.6.1";"Catocala, Catocala nymphagoga";"Catocala nymphagoga";"CATLNY";;30/06/2023;03/07/2024;
"220";"6.2.4.6.2";"Oruga del zurrůn, Euproctis chrysorrhoea";"Euproctis chrysorrhoea";"EUPRCH";;30/06/2023;03/07/2024;
"221";"6.2.4.6.3";"Polilla blanca del chopo, Leucoma salicis";"Leucoma salicis";"LEUOSA";;30/06/2023;03/07/2024;
"222";"6.2.4.6.4";"Lagartas, Lymantria spp.";"Lymantria spp.";"1LYMAG";"Se incluyen especies del gťnero Lymantria como L.dispar y L.monacha.";30/06/2023;03/07/2024;
"223";"6.2.4.6.5";"Viejecita, Orgyia antiqua";"Orgyia antiqua";"ORGYAN";;30/06/2023;03/07/2024;
"224";"6.2.4.7";"Gelťchidos, Gelechiidae";"Gelechiidae";"1GELEF";;30/06/2023;03/07/2024;
"225";"6.2.4.7.1";"Minadora de los brotes y frutos, Anarsia lineatella";"Anarsia lineatella";"ANARLI";;30/06/2023;03/07/2024;
"226";"6.2.4.7.2";"Gusano rosado del algodůn, Pectinophora gossypiella";"Pectinophora gossypiella";"PECTGO";;30/06/2023;03/07/2024;
"227";"6.2.4.7.3";"Polilla de la patata, Phthorimaea operculella";"Phthorimaea operculella";"PHTOOP";;30/06/2023;03/07/2024;
"228";"6.2.4.7.4";"Polilla de la remolacha, Scrobipalpa ocellatella";"Scrobipalpa ocellatella";"PHTOOC";;30/06/2023;03/07/2024;
"229";"6.2.4.7.5";"Polilla del maŪz, Sitotroga cerealella";"Sitotroga cerealella";"SITTCE";;30/06/2023;03/07/2024;
"230";"6.2.4.7.6";"Polilla guatemalteca de la patata, Tecia solanivora";"Tecia solanivora";"TESACO";;30/06/2023;03/07/2024;
"231";"6.2.4.7.7";"Polilla del tomate, Tuta absoluta";"Tuta absoluta";"GNORAB";;30/06/2023;03/07/2024;
"232";"6.2.4.8";"Geomťtridos, Geometridae";"Geometridae";"1GEOMF";;30/06/2023;03/07/2024;
"233";"6.2.4.8.1";"Defoliador del fresno, Abraxas pantaria";"Abraxas pantaria";"ABRXPA";;30/06/2023;03/07/2024;
"234";"6.2.4.8.2";"Falena, Erannis defoliaria";"Erannis defoliaria";"HIBEDE";;30/06/2023;03/07/2024;
"235";"6.2.4.8.3";"Falena invernal, Operophtera brumata";"Operophtera brumata";"CHEIBR";;30/06/2023;03/07/2024;
"236";"6.2.4.9";"GracillŠridos, Gracillariidae";"Gracillariidae";"1GRACF";;30/06/2023;03/07/2024;
"237";"6.2.4.9.1";"Minador del castaŮo de Indias, Cameraria ohridella";"Cameraria ohridella";"LITHOD";;30/06/2023;03/07/2024;
"238";"6.2.4.9.2";"Minador de las hojas de cŪtricos, Phyllocnistis citrella";"Phyllocnistis citrella";"PHYNCI";;30/06/2023;03/07/2024;
"239";"6.2.4.9.3";"Minador americano de la vid, Phyllocnistis vitegenella";"Phyllocnistis vitegenella";"PHYNVI";;30/06/2023;03/07/2024;
"240";"6.2.4.9.4";"Minador punteado, Phyllonorycter spp.";"Phyllonorycter spp.";"1PRYCG";"Se incluyen especies del gťnero Phyllonorycter como Ph.blancardella y Ph.corylifoliella.";30/06/2023;03/07/2024;
"241";"6.2.4.10";"LasiocŠmpidos,  Lasiocampidae";"Lasiocampidae";"1LASIF";;30/06/2023;03/07/2024;
"242";"6.2.4.10.1";"Polilla siberiana de la seda, Dendrolimus sibiricus";"Dendrolimus sibiricus";"DENDSI";;30/06/2023;03/07/2024;
"243";"6.2.4.10.2";"Oruga de librea, Malacosoma neustria";"Malacosoma neustria";"MALANE";;30/06/2023;03/07/2024;
"244";"6.2.4.11";"Licťnidos, Lycaenidae";"Lycaenidae";"1LYCAF";;30/06/2023;03/07/2024;
"245";"6.2.4.11.1";"Taladro del geranio, Cacyreus marshalli";"Cacyreus marshalli";"CACYMA";;30/06/2023;03/07/2024;
"246";"6.2.4.12";"Lionťtidos, Lyonetiidae";"Lyonetiidae";"1LYONF";;30/06/2023;03/07/2024;
"247";"6.2.4.12.1";"Cemiostoma, minador circular, Leucoptera malifoliella";"Leucoptera malifoliella";"LEUCSC";;30/06/2023;03/07/2024;
"248";"6.2.4.12.2";"Minador sinuoso, Lyonetia clerkella";"Lyonetia clerkella";"LYONCL";;30/06/2023;03/07/2024;
"249";"6.2.4.13";"Nepticķlidos, Nepticulidae";"Nepticulidae";"1NEPTF";;30/06/2023;03/07/2024;
"250";"6.2.4.13.1";"Minador, Stigmella malella";"Stigmella malella";"NEPTMA";;30/06/2023;03/07/2024;
"251";"6.2.4.14";"Noctuidos, Noctuidae";"Noctuidae";"1NOCTF";;30/06/2023;03/07/2024;
"252";"6.2.4.14.1";"Agrochola lychnidis";"Agrochola lychnidis";"AMATLY";;30/06/2023;03/07/2024;
"253";"6.2.4.14.2";"Gusanos grises, rosquillas, Agrotis spp.";"Agrotis spp.";"1AGROG";"Se incluyen especies del gťnero Agrotis como A.segetum, A.ipsilum y A.exclamationis";30/06/2023;03/07/2024;
"254";"6.2.4.14.3";"Amphipyra pyramidea";"Amphipyra pyramidea";"AMPYPY";;30/06/2023;03/07/2024;
"255";"6.2.4.14.4";"Plusia, Autographa gamma";"Autographa gamma";"PYTOGA";;30/06/2023;03/07/2024;
"256";"6.2.4.14.5";"Plusia, Chrysodeixis chalcites";"Chrysodeixis chalcites";"PLUSCH";"Tambiťn conocido comķnmente como lagarta de la platanera, bicho camello o medidor del tomate.";30/06/2023;03/07/2024;
"257";"6.2.4.14.6";"Barrenador de la alcachofa, Gortyna xanthenes";"Gortyna xanthenes";"HYDOXA";;30/06/2023;03/07/2024;
"258";"6.2.4.14.7";"Heliothis, Helicoverpa spp.";"Helicoverpa spp.";"1HELIG";"Se incluyen especies del gťnero Helicoverpa  como H.armigera y H.peltigera.";30/06/2023;03/07/2024;
"259";"6.2.4.14.8";"Nůctua de las huertas, Lacanobia oleracea";"Lacanobia oleracea";"POLIOL";"Tambiťn descrito como Mamestra oleracea.";30/06/2023;03/07/2024;
"260";"6.2.4.14.9";"Nůctua de la col, Mamestra brassicae";"Mamestra brassicae";"BARABR";;30/06/2023;03/07/2024;
"261";"6.2.4.14.10";"Mythimna unipunctata";"Mythimna unipunctata";"PSEDUN";;30/06/2023;03/07/2024;
"262";"6.2.4.14.11";"Gusano gris, Noctua pronuba";"Noctua pronuba";"NOCTPR";;30/06/2023;03/07/2024;
"263";"6.2.4.14.12";"Oruga verde del almendro, Orthosia cerasi";"Orthosia cerasi";"ORTOST";;30/06/2023;03/07/2024;
"264";"6.2.4.14.13";"Orthosia incerta";"Orthosia incerta";"ORTOIN";;30/06/2023;03/07/2024;
"265";"6.2.4.14.14";"Gusano gris, Peridroma saucia";"Peridroma saucia";"PERRSA";;30/06/2023;03/07/2024;
"266";"6.2.4.14.15";"Phlogophora meticulosa";"Phlogophora meticulosa";"BROTME";;30/06/2023;03/07/2024;
"267";"6.2.4.14.16";"Taladros del maŪz, Sesamia spp.";"Sesamia spp.";"1SESAG";"Se incluyen especies del gťnero Sesamia como S.nonagrioides y S.cretica.";30/06/2023;03/07/2024;
"268";"6.2.4.14.17";"Rosquilla verde, Spodoptera exigua";"Spodoptera exigua";"LAPHEG";;30/06/2023;03/07/2024;
"269";"6.2.4.14.18";"Rosquilla negra, Spodoptera littoralis";"Spodoptera littoralis";"SPODLI";;30/06/2023;03/07/2024;
"270";"6.2.4.15";"Nůlidos, Nolidae";"Nolidae";"1NOLIF";;30/06/2023;03/07/2024;
"271";"6.2.4.15.1";"Oruga del algodonero, Earias insulana";"Earias insulana";"EARIIN";;30/06/2023;03/07/2024;
"272";"6.2.4.16";"Notodůntidos, Notodontidae";"Notodontidae";"1NOTOF";;30/06/2023;03/07/2024;
"273";"6.2.4.16.1";"Procesionaria, Thaumetopoea spp.";"Thaumetopoea spp.";"1THAUG";"Se incluyen especies del gťnero Thaumetopoea como Th.pityocampa (procesionaria del pino), Th.processionea (del roble), Th.herculeana o Th.pinivora.";30/06/2023;03/07/2024;
"274";"6.2.4.17";"NimfŠlidos, Nymphalidae";"Nymphalidae";"1NYMPF";;30/06/2023;03/07/2024;
"275";"6.2.4.17.1";"Vanesa de la alcachofa, Cynthia cardui";"Cynthia cardui";"VANSCA";;30/06/2023;03/07/2024;
"276";"6.2.4.18";"Piťridos, Pieridae";"Pieridae";"1PIERF";;30/06/2023;03/07/2024;
"277";"6.2.4.18.1";"Mariposas de la col, Pieris spp.";"Pieris spp.";"1PIERG";"Se incluyen especies del gťnero Pieris como P.brassicae, P.napi y P.rapae.";30/06/2023;03/07/2024;
"278";"6.2.4.19";"Plutťlidos, Plutellidae";"Plutellidae";"1PLULF";;30/06/2023;03/07/2024;
"279";"6.2.4.19.1";"Polilla del puerro, Acrolepiopsis assectella";"Acrolepiopsis assectella";"ACROAS";;30/06/2023;03/07/2024;
"280";"6.2.4.19.2";"Polilla de las crucŪferas, Plutella xylostella";"Plutella xylostella";"PLUTMA";;30/06/2023;03/07/2024;
"281";"6.2.4.20";"PirŠlidos, Pyralidae";"Pyralidae";"1PYRAF";;30/06/2023;03/07/2024;
"282";"6.2.4.20.1";"Barreneta de los cŪtricos, Apomyelois ceratoniae";"Apomyelois ceratoniae";"MYELCE";;30/06/2023;03/07/2024;
"283";"6.2.4.20.2";"Barreneta de la melaza, Cryptoblabbes gnidiella";"Cryptoblabbes gnidiella";"CRYBGN";;30/06/2023;03/07/2024;
"284";"6.2.4.20.3";"Oruga de las piŮas, Dioryctria mendacella";"Dioryctria mendacella";"DIORSP";;30/06/2023;03/07/2024;
"285";"6.2.4.20.4";"Polillas de almacťn, Ephestia spp.";"Ephestia spp.";"1EPHEG";"Se incluyen especies del gťnero Ephestia como E.kuehniella y E.elutella.";30/06/2023;03/07/2024;
"286";"6.2.4.20.5";"Polilla del membrillo, Euzophera bigella";"Euzophera bigella";"EUZOBI";;30/06/2023;03/07/2024;
"287";"6.2.4.20.6";"Abichado, Euzophera pinguis";"Euzophera pinguis";"EUZOPI";;30/06/2023;03/07/2024;
"288";"6.2.4.20.7";"Piral del girasol, Homoeosoma nebulellum";"Homoeosoma nebulellum";"HMOENE";;30/06/2023;03/07/2024;
"289";"6.2.4.20.8";"Piral del maŪz, O.nubilalis";"Ostrinia nubilalis";"PYRUNU";;30/06/2023;03/07/2024;
"290";"6.2.4.20.9";"Piral de la semilla, Plodia interpunctella";"Plodia interpunctella";"PLODIN";;30/06/2023;03/07/2024;
"291";"6.2.4.21";"Tineidos, Tineidae";"Tineidae";"1TINEF";;30/06/2023;03/07/2024;
"292";"6.2.4.21.1";"Taladro de la platanera, Opogona sacchari";"Opogona sacchari";"OPOGSC";;30/06/2023;03/07/2024;
"293";"6.2.4.22";"TortrŪcidos, Tortricidae";"Tortricidae";"1TORTF";;30/06/2023;03/07/2024;
"294";"6.2.4.22.1";"Capua, Adoxophyes orana";"Adoxophyes orana";"CAPURE";;30/06/2023;03/07/2024;
"295";"6.2.4.22.2";"Arrollador, cigarrero, Archips spp.";"Archips spp.";"1ARCHG";"Se incluyen especies del gťnero Archips como A.rosana y A.xylosteanus.";30/06/2023;03/07/2024;
"296";"6.2.4.22.3";"Polilla arrolladora, Argyrotaenia ljungiana";"Argyrotaenia ljungiana";"ARGTPU";;30/06/2023;03/07/2024;
"297";"6.2.4.22.4";"Cacoecia, oruga del clavel, Cacoecimorpha pronubana";"Cacoecimorpha pronubana";"TORTPR";;30/06/2023;03/07/2024;
"298";"6.2.4.22.5";"Nefasia, Cnephasia pumicana";"Cnephasia pumicana";"CNEPPU";;30/06/2023;03/07/2024;
"299";"6.2.4.22.6";"Polilla americana de las avellanas, Cydia latiferreana";"Cydia latiferreana";"MELSLA";;30/06/2023;03/07/2024;
"300";"6.2.4.22.7";"Polilla del guisante, Cydia nigricana";"Cydia nigricana";"LASPNI";;30/06/2023;03/07/2024;
"301";"6.2.4.22.8";"Carpocapsa de manzanas y peras, Cydia pomonella";"Cydia pomonella";"CARPPO";;30/06/2023;03/07/2024;
"302";"6.2.4.22.9";"Agusanado del castaŮo, Cydia splendana, C.fagiglandana";"Cydia splendana, C.fagiglandana";"LASPSL, LASPGR";;30/06/2023;03/07/2024;
"303";"6.2.4.22.10";"Polilla de la vid, Eupoecilia ambiguella";"Eupoecilia ambiguella";"CLYSAM";;30/06/2023;03/07/2024;
"304";"6.2.4.22.11";"Carpocapsa de las ciruelas, Grapholita funebrana";"Grapholita funebrana";"LASPFU";;30/06/2023;03/07/2024;
"305";"6.2.4.22.12";"Polilla oriental, Grapholita molesta";"Grapholita molesta";"LASPMO";;30/06/2023;03/07/2024;
"306";"6.2.4.22.13";"Barrenador de los brotes del Šlamo, Gypsonoma aceriana";"Gypsonoma aceriana";"GYPSAC";;30/06/2023;03/07/2024;
"307";"6.2.4.22.14";"Polilla del racimo, Lobesia botrana";"Lobesia botrana";"POLYBO";;30/06/2023;03/07/2024;
"308";"6.2.4.22.15";"Oruga de las castaŮas, Pammene fasciana";"Pammene fasciana";"PAMMFA";;30/06/2023;03/07/2024;
"309";"6.2.4.22.16";"Orugas de la piel, Pandemis spp.";"Pandemis spp.";"1PANDG";"Se incluyen especies del gťnero Pandemis como P.heparana, P.ribeana.";30/06/2023;03/07/2024;
"310";"6.2.4.22.17";"Polilla de los brotes del pino, Rhyacionia buoliana";"Rhyacionia buoliana";"EVETBU";;30/06/2023;03/07/2024;
"311";"6.2.4.22.18";"Piral de la vid, Sparganothis pilleriana";"Sparganothis pilleriana";"SPARPI";;30/06/2023;03/07/2024;
"312";"6.2.4.22.19";"Palomilla de la naranja, Thaumetotibia leucotreta";"Thaumetotibia leucotreta";"ARGPLE";;30/06/2023;03/07/2024;
"313";"6.2.4.22.20";"Piral del roble y de la encina, Tortrix viridana";"Tortrix viridana";"TORTVI";;30/06/2023;03/07/2024;
"314";"6.2.4.23";"Iponomťutidos, Yponomeutidae";"Yponomeutidae";"1YPONF";;30/06/2023;03/07/2024;
"315";"6.2.4.23.1";"Prays, polilla de los cŪtricos, Prays citri";"Prays citri";"PRAYCI";;30/06/2023;03/07/2024;
"316";"6.2.4.23.2";"Prays, polilla del olivo, Prays oleae";"Prays oleae";"PRAYOL";;30/06/2023;03/07/2024;
"317";"6.2.4.23.3";"AraŮuelo, oruga hilandera, Yponomeuta spp.";"Yponomeuta spp.";"1HYPNG";"Se incluyen especies del gťnero Yponomeuta como Y.padella.";30/06/2023;03/07/2024;
"318";"6.2.4.24";"Cigaťnidos, Zygaenidae";"Zygaenidae";"ZYGAF";;30/06/2023;03/07/2024;
"319";"6.2.4.24.1";"Orugueta, Aglaope infausta";"Aglaope infausta";"AGLPIN";;30/06/2023;03/07/2024;
"320";"6.2.5";"Coleůpteros";"Coleoptera";"1COLEO";;30/06/2023;03/07/2024;
"321";"6.2.5.1";"Apiůnidos, Apionidae";"Apionidae";"1APIOF";;30/06/2023;03/07/2024;
"322";"6.2.5.1.1";"Apion, Apion spp.";"Apion spp.";"1APIOG";;30/06/2023;03/07/2024;
"323";"6.2.5.1.2";"Apion del guisante, Holotrichapion pisi";"Holotrichapion pisi";"APIOPI";;30/06/2023;03/07/2024;
"324";"6.2.5.2";"AtelŠbidos, Attelabidae";"Attelabidae";"1ATTLF";;30/06/2023;03/07/2024;
"325";"6.2.5.2.1";"Cigarrero de la vid, Byctiscus betulae";"Byctiscus betulae";"BYCTBE";;30/06/2023;03/07/2024;
"326";"6.2.5.3";"Bostriquidae, Bostrichidae";"Bostrichidae";"1BOSTF";;30/06/2023;03/07/2024;
"327";"6.2.5.3.1";"Barrenador negro, Apate monachus";"Apate monachus";"APATMO";;30/06/2023;03/07/2024;
"328";"6.2.5.3.2";"Gorgojo de los cereales, Rhyzopertha dominica";"Rhyzopertha dominica";"RHITDO";;30/06/2023;03/07/2024;
"329";"6.2.5.3.3";"Taladro de madera, Schistoceros bimaculatus";"Schistoceros bimaculatus";"AMPIBM";;30/06/2023;03/07/2024;
"330";"6.2.5.3.4";"Carcoma de la vid, Sinoxylon sexdentatum";"Sinoxylon sexdentatum";"SINOSX";;30/06/2023;03/07/2024;
"331";"6.2.5.4";"Buprťstidos, Buprestidae";"Buprestidae";"1BUPRF";;30/06/2023;03/07/2024;
"332";"6.2.5.4.1";"Buprťstidos, Agrilus spp.";"Agrilus anxius, B.planipennis";"VESEXA, AGRLPL";;30/06/2023;03/07/2024;
"333";"6.2.5.4.2";"Gusano cabezudo, Capnodis tenebrionis";"Capnodis tenebrionis";"CAPNTE";;30/06/2023;03/07/2024;
"334";"6.2.5.4.3";"Buprťstidos del alcornoque, Coraebus spp.";"Coraebus spp.";"1CORUG";"Se incluyen especies del gťnero Coraebus como C.florentinus y C.undatus.";30/06/2023;03/07/2024;
"335";"6.2.5.5";"Braquicťridos, Brachyceridae";"Brachyceridae";"1BRCHF";;30/06/2023;03/07/2024;
"336";"6.2.5.5.1";"Gorgojo acuŠtico del arroz, Lissorhoptrus oryzophilus";"Lissorhoptrus oryzophilus";"LISSOR";;30/06/2023;03/07/2024;
"337";"6.2.5.6";"Brķchidos, Bruchidae";"Bruchidae";"1BRUCF";;30/06/2023;03/07/2024;
"338";"6.2.5.6.1";"Gorgojos, Bruchus spp.";"Bruchus spp.";"1BRCHG";"Se incluyen especies del gťnero Bruchus como B.lentis, B.pisorum, B.rufimanus, B.rufipes y B.signaticornis";30/06/2023;03/07/2024;
"339";"6.2.5.6.2";"Gorgojo del garbanzo, Callosobruchus ornatus";"Callosobruchus ornatus";"CALSOR";;30/06/2023;03/07/2024;
"340";"6.2.5.7";"CarŠbidos, Carabidae";"Carabidae";"1CARAF";;30/06/2023;03/07/2024;
"341";"6.2.5.7.1";"Zabro de los cereales, Zabrus tenebrioides";"Zabrus tenebrioides";"ZABUTE";;30/06/2023;03/07/2024;
"342";"6.2.5.8";"CerambŪcidos, Cerambycidae";"Cerambycidae";"1CERAF";;30/06/2023;03/07/2024;
"343";"6.2.5.8.1";"Escarabajos asiŠticos de cuernos largos, Anoplophora spp.";"Anoplophora chinensis, A.glabripennis";"ANOLGL, ANOLCN";;30/06/2023;03/07/2024;
"344";"6.2.5.8.2";"Aromia bungii";"Aromia bungii";"AROMBU";;30/06/2023;03/07/2024;
"345";"6.2.5.8.3";"Tronchaespigas, aguijonero, Calamobius filum";"Calamobius filum";"CALBFI";;30/06/2023;03/07/2024;
"346";"6.2.5.8.4";"Capricornios, Cerambyx spp.";"Cerambyx spp.";"1CERBG";"Se incluyen especies del gťnero Cerambix  como C.cerdo y C.welensii. C.cerdo se encuentra en el Anexo IV de la Directiva 92/43/CEE del Consejo de 21 de mayo de 1992, por lo que los tratamientos no estŠn permitidos con carŠcter general (ver Art.61 de la Ley 42/2007).";30/06/2023;03/07/2024;
"347";"6.2.5.8.5";"Taladros del eucalipto, Phoracantha spp.";"Phoracantha spp.";"1PHOAG";"Se incluyen especies del gťnero Phoracantha como Ph.recurva, Ph.semipunctata.";30/06/2023;03/07/2024;
"348";"6.2.5.8.6";"Saperdas del chopo, Saperda spp.";"Saperda spp.";"1SAPEG";"Se incluyen especies del gťnero Saperda como S.carcharias y S.populnea";30/06/2023;03/07/2024;
"349";"6.2.5.8.7";"Taladro de las cupresŠceas, Semanotus laurasi";"Semanotus laurasi";"SEMALA";;30/06/2023;03/07/2024;
"350";"6.2.5.8.8";"CastaŮeta de la vid, Vesperus xatarti";"Vesperus xatarti";"VESEXA";;30/06/2023;03/07/2024;
"351";"6.2.5.8.9";"Tornillo de la vid, Xylotrechus arvicola";"Xylotrechus arvicola";"XYLOAR";;30/06/2023;03/07/2024;
"352";"6.2.5.8.10";"Escarabajo avispa, Xylotrechus chinensis";"Xylotrechus chinensis";"XYLOCH";;30/06/2023;03/07/2024;
"353";"6.2.5.9";"Crisomťlidos, Chrysomelidae";"Chrysomelidae";"1CHRYF";;30/06/2023;03/07/2024;
"354";"6.2.5.9.1";"Gorgojo de la judŪa, Acanthoscelides obtectus";"Acanthoscelides obtectus";"ACANOB";;30/06/2023;03/07/2024;
"355";"6.2.5.9.2";"Altica, pulguilla de la vid, Altica ampelophaga";"Altica ampelophaga";"HALTAM";;30/06/2023;03/07/2024;
"356";"6.2.5.9.3";"Altica de los robles, Altica quercetorum";"Altica quercetorum";"HALTQU";;30/06/2023;03/07/2024;
"357";"6.2.5.9.4";"Galeruca del melůn, Aulacophora foveicollis";"Aulacophora foveicollis";"AUACFO";;30/06/2023;03/07/2024;
"358";"6.2.5.9.5";"CŠsida de la alcachofa, Cassida deflorata";"Cassida deflorata";"CASSDE";;30/06/2023;03/07/2024;
"359";"6.2.5.9.6";"CŠsida de la remolacha, Cassida vittata";"Cassida vittata";"CASSVT";;30/06/2023;03/07/2024;
"360";"6.2.5.9.7";"Pulguilla de la remolacha, Chaetocnema tibialis";"Chaetocnema tibialis";"CHAETI";;30/06/2023;03/07/2024;
"361";"6.2.5.9.8";"Cuca de la alfalfa, Colaspidema atrum";"Colaspidema atrum";"COAPAT";;30/06/2023;03/07/2024;
"362";"6.2.5.9.9";"Crioceros del espŠrrago, Crioceris asparagi, C. duodecimpunctata";"Crioceris asparagi, C. duodecimpunctata";"CRIEAS, CRIEDU";;30/06/2023;03/07/2024;
"363";"6.2.5.9.10";"Crisomela del chopo, Chrysomela populi";"Chrysomela populi";"CHRSPO";;30/06/2023;03/07/2024;
"364";"6.2.5.9.11";"Diabrůtica del maŪz, Diabrotica virgifera";"Diabrotica virgifera";"DIABVI";;30/06/2023;03/07/2024;
"365";"6.2.2.1.1.2";"Chinche del avellano, Gonocerus acuteangulatus";"Gonocerus acuteangulatus";"GONRAC";;27/11/2025;;
"366";"6.2.5.9.13";"Galeruca del sauce, Galerucella lineola";"Galerucella lineola";"GALELI";;30/06/2023;03/07/2024;
"367";"6.2.5.9.14";"Escarabajillo del pistachero, Labidostomis lusitanica";"Labidostomis lusitanica";"LABDSP";;30/06/2023;03/07/2024;
"368";"6.2.5.9.15";"Criocero de la cebolla, Lilioceris merdigera";"Lilioceris merdigera";"CRIEME";;30/06/2023;03/07/2024;
"369";"6.2.5.9.16";"Escarabajo de la patata, Leptinotarsa decemlineata";"Leptinotarsa decemlineata";"LPTNDE";;30/06/2023;03/07/2024;
"370";"6.2.5.9.17";"Lema, babosilla, Oulema melanopus";"Oulema melanopus";"LEMAME";;30/06/2023;03/07/2024;
"371";"6.2.5.9.18";"Pulguilla de la col, Phyllotreta spp.";"Phyllotreta spp.";"1PHYEG";"Se incluyen especies del gťnero Phyllotreta como Ph.cruciferae y Ph.nemorum.";30/06/2023;03/07/2024;
"372";"6.2.5.9.20";"Pulguilla de la col, Psylliodes chrysocephala";"Psylliodes chrysocephala";"PSYICH";;30/06/2023;03/07/2024;
"373";"6.2.5.9.21";"Pulguilla de la alcachofa, Sphaeroderma rubidum";"Sphaeroderma rubidum";"SPHDRU";;30/06/2023;03/07/2024;
"374";"6.2.5.9.22";"Galeruca del olmo, Xanthogaleruca luteola";"Xanthogaleruca luteola";"GALELU";;30/06/2023;03/07/2024;
"375";"6.2.5.10";"Coccinťlidos, Coccinellidae";"Coccinellidae";"1COCNF";;30/06/2023;03/07/2024;
"376";"6.2.5.10.1";"Vacanita del melonar, Epilachna chrysomelina";"Epilachna chrysomelina";"EPILCH";;30/06/2023;03/07/2024;
"377";"6.2.5.11";"CriptofŠgidos, Cryptophagidae";"Cryptophagidae";"1CRYGF";;30/06/2023;03/07/2024;
"378";"6.2.5.11.1";"Atomaria de la remolacha, Atomaria linearis";"Atomaria linearis";"ATOMLI";;30/06/2023;03/07/2024;
"379";"6.2.5.12";"Curculiůnidos, Curculionidae";"Curculionidae";"1CURCF";;30/06/2023;03/07/2024;
"380";"6.2.5.12.1";"Gorgojo de la flor del manzano, Anthonomus pomorum";"Anthonomus pomorum";"ANTHPO";;30/06/2023;03/07/2024;
"381";"6.2.5.12.2";"Maripaca de la remolacha, Aubeonymus mariaefranciscae";"Aubeonymus mariaefranciscae";"AUBEMA";;30/06/2023;03/07/2024;
"382";"6.2.5.12.3";"Gorgojos de las coles, Ceutorhynchus spp.";"Ceutorhynchus spp.";"1CEUTG";"Se incluyen especies del gťnero Ceutorhynchus como C.napi, C.obstrictus, C.picitarsis y C.assimilis.";30/06/2023;03/07/2024;
"383";"6.2.5.12.4";"Cleonus, Conorhynchus mendicus";"Conorhynchus mendicus";"CLEOMN";;30/06/2023;03/07/2024;
"384";"6.2.5.12.5";"Gorgojo defoliador del chopo, Cryptorhynchus lapathi";"Cryptorhynchus lapathi";"CRYPLA";;30/06/2023;03/07/2024;
"385";"6.2.5.12.6";"Gorgojo del castaŮo, Curculio elephas";"Curculio elephas";"CURCEL";;30/06/2023;03/07/2024;
"386";"6.2.5.12.7";"Diablů del avellano, Curculio nucum";"Curculio nucum";"CURCNU";;30/06/2023;03/07/2024;
"387";"6.2.5.12.8";"Gorgojo defoliador del eucalipto, Gonipterus scutellatus";"Gonipterus scutellatus";"GONPSC";;30/06/2023;03/07/2024;
"388";"6.2.5.12.9";"Gusano verde de la alfalfa, Hypera postica";"Hypera postica";"HYPRPO";;30/06/2023;03/07/2024;
"389";"6.2.5.12.10";"Lixus, Lixus spp.";"Lixus spp.";"1LIXUG";"Se incluyen especies del gťnero Lixus como L.juncii y L.scabricollis.";30/06/2023;03/07/2024;
"390";"6.2.5.12.11";"Otiorrinco, escarabajuelo picudo, Otiorhynchus cribricollis";"Otiorhynchus cribricollis";"OTIOCR";;30/06/2023;03/07/2024;
"391";"6.2.5.12.12";"Phyllobius pyri";"Phyllobius pyri";"PLLBPI";;30/06/2023;03/07/2024;
"392";"6.2.5.12.13";"Gorgojos del pino, Pissodes spp.";"Pissodes spp.";"1PISOG";"Se incluyen especies del gťnero Pissodes como P.castaneus y P.validirostris.";30/06/2023;03/07/2024;
"393";"6.2.5.12.14";"Taladro del alcornoque, Platypus cylindrus";"Platypus cylindrus";"PLTPCS";;30/06/2023;03/07/2024;
"394";"6.2.5.12.15";"Gorgojo del haya, Rhynchaenus fagi";"Rhynchaenus fagi";"RHYHFA";;30/06/2023;03/07/2024;
"395";"6.2.5.12.16";"Sitonas, Sitona spp.";"Sitona spp.";"1SITNG";"Se incluyen especies del gťnero Sitona como S.discoideus, S.humeralis, S.lineatus.";30/06/2023;03/07/2024;
"396";"6.2.5.13";"Drioftůridos, Dryophthoridae";"Dryophthoridae";"1DRYOF";;30/06/2023;03/07/2024;
"397";"6.2.5.13.1";"Picudo negro de la platanera, Cosmopolites sordidus";"Cosmopolites sordidus";"COSMSO";;30/06/2023;03/07/2024;
"398";"6.2.5.13.3";"Picudo de las palmeras, Rhynchophorus ferrugineus";"Rhynchophorus ferrugineus";"RHYCFE";;30/06/2023;03/07/2024;
"399";"6.2.5.13.4";"Picudo del Šgave, Scyphophorus acupunctatus";"Scyphophorus acupunctatus";"SCYPIN";;30/06/2023;03/07/2024;
"400";"6.2.5.14";"Elatťridos, Elateridae";"Elateridae";"1ELATF";;30/06/2023;03/07/2024;
"401";"6.2.5.14.1";"Gusanos del alambre, Agriotes spp.";"Agriotes spp.";"1AGRIG";"Se incluyen especies del gťnero Agriotes como A,lineatus, A.brevis, A.obscurus, A.sordidus, A.sputador y A.rufipalpis.";30/06/2023;03/07/2024;
"402";"6.2.5.15";"Nitidķlidos, Nitidulidae";"Nitidulidae";"1NITIF";;30/06/2023;03/07/2024;
"403";"6.2.15.1";"Meligethes, Brassicogethes aeneus";"Brassicogethes aeneus";"MELIAE";;30/06/2023;03/07/2024;
"404";"6.2.5.16";"Escarabeidos, Scarabaeidae";"Scarabaeidae";"1SCARF";;30/06/2023;03/07/2024;
"405";"6.2.5.16.1";"Gusano blanco, Amphimallon spp.";"Amphimallon spp.";"1AMHIG";"Se incluyen especies del gťnero Amphimallon como A.solstitiale y A.majalis.";30/06/2023;03/07/2024;
"406";"6.2.5.16.2";"Escarabajo bronceado, Anomala vitis";"Anomala vitis";"ANMLVT";;30/06/2023;03/07/2024;
"407";"6.2.5.16.3";"Gusano blanco, Anoxia villosa";"Anoxia villosa";"ANOXVI";;30/06/2023;03/07/2024;
"408";"6.2.5.16.4";"Cetonia, Cetonia spp.";"Cetonia spp.";"1CETOG";"Se incluyen especies del gťnero Cetonia como C.aurata.";30/06/2023;03/07/2024;
"409";"6.2.5.16.5";"Escarabajo sanjuanero , Melolontha spp.";"Melolontha spp.";"1MELOG";"Se incluyen especies del gťnero Melolontha como M.melolontha y M.papposa.";30/06/2023;03/07/2024;
"410";"6.2.5.16.6";"Escarabajo del sudario,Oxythyrea funesta";"Oxythyrea funesta";"OXYEFU";;30/06/2023;03/07/2024;
"411";"6.2.5.16.7";"Gusano blanco, Peontodon spp.";"Pentodon spp.";"1PENG";"Se incluyen especies del gťnero Pentodon como P.punctatus.";30/06/2023;03/07/2024;
"412";"6.2.5.16.8";"Escarabajo japonťs, Popillia japonica";"Popillia japonica";"POPIJA";;30/06/2023;03/07/2024;
"413";"6.2.5.16.9";"Gusano blanco, Rhizotrogus spp.";"Rhizotrogus spp.";"1RHZTG";"Se incluyen especies del gťnero Rhizotrogus como Rh.aestivus.";30/06/2023;03/07/2024;
"414";"6.2.5.16.10";"Escarabajo, Tropinota squalida";"Tropinota squalida";"TRONSQ";;30/06/2023;03/07/2024;
"415";"6.2.5.17";"EscolŪtidos, Scolytidae";"Scolytidae";"1SCOLF";;30/06/2023;03/07/2024;
"416";"6.2.5.17.1";"Barrenillo negro, Hylesinus oleiperda";"Hylesinus oleiperda";"HYESOL";;30/06/2023;03/07/2024;
"417";"6.2.5.17.2";"Escarabajos de la corteza, Ips spp.";"Ips spp.";"1IPSXG";"Se incluyen especies del gťnero Ips como I.acuminatus e I.sexdentatus.";30/06/2023;03/07/2024;
"418";"6.2.5.17.3";"Barrenillo del olivo, Phloeotribus scarabeoides";"Phloeotribus scarabeoides";"PHLBOL";;30/06/2023;03/07/2024;
"419";"6.2.5.17.4";"Barrenillo del almendro, Scolytus amygdali";"Scolytus amygdali";"SCOLAM";;30/06/2023;03/07/2024;
"420";"6.2.5.17.5";"Barrenillos, Scolytus spp.";"Scolytus spp. (except. S.amygdali)";"1SCOLG";"Se incluyen especies del gťnero Scolytus como S.multistriatus, S.scolytus, S.kirschii, S.intricatus y rugulosus.";30/06/2023;03/07/2024;
"421";"6.2.5.17.6";"Perforadores del pino, Tomicus spp.";"Tomicus spp.";"1TOMSG";"Se incluyen especies del gťnero Tomicus como T.destruens, T.minor y T.piniperda.";30/06/2023;03/07/2024;
"422";"6.2.5.17.7";"Barrenillo el peral, Xyleborus dispar";"Xyleborus dispar";"XYLBDI";;30/06/2023;03/07/2024;
"423";"6.2.5.17.8";"EscolŪtidos de ambrosŪa, Xylosandrus spp.";"Xylosandrus spp.";"1XYLSG";"Se incluyen especies del gťnero Xylosandrus como X.compactus, X.crassiusculus y X.germanus.";30/06/2023;03/07/2024;
"424";"6.2.6";"Ortůpteros";"Orthoptera";"1ORTHO";;30/06/2023;03/07/2024;
"425";"6.2.6.1";"Langostas, saltamontes, Acrididae";"Acrididae";"1ACRIF";;30/06/2023;03/07/2024;
"426";"6.2.6.1.1";"Saltamontes de campo, langosta italiana, Calliptamus italicus";"Calliptamus italicus";"CALUIT";;30/06/2023;03/07/2024;
"427";"6.2.7";"Himenůpteros";"Hymenoptera";"1HYMEO";;30/06/2023;03/07/2024;
"428";"6.2.7.1";"Cťfidos, Cephidae";"Cephidae";"1CEPHF";;30/06/2023;03/07/2024;
"429";"6.2.7.1.1";"Cťfido del trigo, Cephus pygmaeus";"Cephus pygmaeus";"CEPHPY";;30/06/2023;03/07/2024;
"430";"6.2.7.1.2";"Picabrotes del peral, Janus compressus";"Janus compressus";"JANUCO";;30/06/2023;03/07/2024;
"431";"6.2.7.2";"CnŪpididos, Cnypidae";"Cnypidae";"1CYNIF";;30/06/2023;03/07/2024;
"432";"6.2.7.2.1";"Avispilla del castaŮo, Dryocosmus kuriphilus";"Dryocosmus kuriphilus";"DRYCKU";;30/06/2023;03/07/2024;
"433";"6.2.7.3";"Dipriůnidos, Diprionidae";"Diprionidae";"1DIPRG";;30/06/2023;03/07/2024;
"434";"6.2.7.3.1";"Falsa oruga del pino, Diprion pini";"Diprion pini";"DIPRPI";;30/06/2023;03/07/2024;
"435";"6.2.7.4";"Euritůmidos, Eurytomidae";"Eurytomidae";"1EURYF";;30/06/2023;03/07/2024;
"436";"6.2.7.4.1";"Avispilla del almendro, Eurytoma amygdali";"Eurytoma amygdali";"EURTAM";;30/06/2023;03/07/2024;
"437";"6.2.7.5";"Hormigas, Formicidae";"Formicidae";"1FORMF";;30/06/2023;03/07/2024;
"438";"6.2.7.5.1";"Hormigas, Lasius grandis";"Lasius grandis";"LASIGR";;30/06/2023;03/07/2024;
"439";"6.2.7.5.2";"Hormigas, Linepithema humile";"Linepithema humile";"IRIDHU";;30/06/2023;03/07/2024;
"440";"6.2.7.5.3";"Hormigas, Pheidole pallidula";"Pheidole pallidula";"PHEIPA";;30/06/2023;03/07/2024;
"441";"6.2.7.6";"TentredŪnidos, Tenthredinidae";"Tenthredinidae";"1TENTF";;30/06/2023;03/07/2024;
"442";"6.2.7.6.1";"TentredŪnido del tallo del rosal, Ardis sulcata";"Ardis sulcata";"ARDSSU";;30/06/2023;03/07/2024;
"443";"6.2.7.6.2";"Falsa oruga del rosal, Arge pagana";"Arge pagana";"ARGEPL";;30/06/2023;03/07/2024;
"444";"6.2.7.6.3";"Falsa oruga de la col, Athalia rosae";"Athalia rosae";"ATALCO";;30/06/2023;03/07/2024;
"445";"6.2.7.6.4";"Hoplocampa, Hoplocampa spp.";"Hoplocampa spp.";"1HOPLG";"Se incluyen especies del gťnero Hoplocampa como H.brevis, H.minuta y H.testudinea.";30/06/2023;03/07/2024;
"446";"6.2.7.7";"Avispas, Vespidae";"Vespidae";"1VESPF";;30/06/2023;03/07/2024;
"447";"6.2.8";"DŪpteros";"Diptera";"1DIPTO";;30/06/2023;03/07/2024;
"448";"6.2.8.1";"AgromŪcidos, Agromyzidae";"Agromyzidae";"1AGROF";;30/06/2023;03/07/2024;
"449";"6.2.8.1.1";"Chromatomyia horticola";"Chromatomyia horticola";"PHYYHO";"Tambiťn descrito como Phytomyza atricornis.";30/06/2023;03/07/2024;
"450";"6.2.8.1.2";"Liriomiza, Liriomyza spp.";"Liriomyza spp.";"1LIRIG";"Se incluyen especies del gťnero Liriomyza como L.cicerina, L.huidobrensis y L.trifolii.";30/06/2023;03/07/2024;
"451";"6.2.8.2";"Antůmidos, Antomyiidae";"Antomyiidae";"1ANTMF";;30/06/2023;03/07/2024;
"452";"6.2.8.2.1";"Mosca de la cebolla, Delia antiqua";"Delia antiqua";"HYLEAN";;30/06/2023;03/07/2024;
"453";"6.2.8.2.2";"Mosca de los sembrados, Delia platura";"Delia platura";"HYLEPL";;30/06/2023;03/07/2024;
"454";"6.2.8.2.3";"Mosca de la col, Delia radicum";"Delia radicum";"HYLERA";;30/06/2023;03/07/2024;
"455";"6.2.8.2.4";"Mosca de la remolacha, Pegomya betae";"Pegomya betae";"PEGOHY";;30/06/2023;03/07/2024;
"456";"6.2.8.3";"Bibiůnidos, Bibionidae";"Bibionidae";"1BIBIF";;30/06/2023;03/07/2024;
"457";"6.2.8.3.1";"Bibiůn, Bibio spp.";"Bibio spp.";"1BIBIG";"Se incluyen especies del gťnero Bibio como B. hortulanus.";30/06/2023;03/07/2024;
"458";"6.2.8.4";"Cecidůmidos, Cecidomyiidae";"Cecidomyiidae";"1CECIF";;30/06/2023;03/07/2024;
"459";"6.2.8.4.1";"Mosquita de la col, Contarinia nasturtii";"Contarinia nasturtii";"CONTNA";;30/06/2023;03/07/2024;
"460";"6.2.8.4.2";"Perrisia, cigarrero del manzano, Dasineura mali";"Dasineura mali";"DASYMA";;30/06/2023;03/07/2024;
"461";"6.2.8.4.3";"Cecidůmido del olivo, Dasineura oleae";"Dasineura oleae";"DASYOL";;30/06/2023;03/07/2024;
"462";"6.2.8.4.4";"Perrisia, cigarrero del peral, Dasineura pyri";"Dasineura pyri";"DASYPY";;30/06/2023;03/07/2024;
"463";"6.2.8.4.5";"Mosquitos del cereal, Mayetiola spp.";"Mayetiola avenae, M.destructor";"1MAYEG";"Se incluyen especies del gťnero Mayetiola como  M.avenae y M.destructor.";30/06/2023;03/07/2024;
"464";"6.2.8.4.6";"Mosquito de las agallas del haya, Mikiola fagi";"Mikiola fagi";"MIKIFA";;30/06/2023;03/07/2024;
"465";"6.2.8.4.7";"Cťcido del champiŮůn, Mycophila speyeri";"Mycophila speyeri";"MYCPSE";;30/06/2023;03/07/2024;
"466";"6.2.8.4.8";"Mosquito de la corteza del olivo, Resseliella oleisuga";"Resseliella oleisuga";"CLINOL";;30/06/2023;03/07/2024;
"467";"6.2.8.5";"Quironůmidos, Chironomidae";"Chironomidae";"1CHIRF";;30/06/2023;03/07/2024;
"468";"6.2.8.6";"DrosofŪlidos, Drosophilidae";"Drosophilidae";"1DROSF";;30/06/2023;03/07/2024;
"469";"6.2.8.6.1";"Mosca del vinagre de alas manchadas, Drosophila suzukii";"Drosophila suzukii";"DROSU";;30/06/2023;03/07/2024;
"470";"6.2.8.7";"EfŪdridos, Ephydridae";"Ephydridae";"1EPHYF";;30/06/2023;03/07/2024;
"471";"6.2.8.7.1";"Tijereta, Ephydra riparia";"Ephydra riparia";"EPDRSP";"A pesar del nombre comķn, se trata de un dŪptero. No confundir con las tijeretas de la familia de los dermŠpteros.";30/06/2023;03/07/2024;
"472";"6.2.8.8";"Fůridos, Phoridae";"Phoridae";"1PHORF";;30/06/2023;03/07/2024;
"473";"6.2.8.8.1";"Fůrido del champiŮůn, Megaselia halterata";"Megaselia halterata";"MGASHA";;30/06/2023;03/07/2024;
"474";"6.2.8.9";"PsŪlidos, Psilidae";"Psilidae";"1PSILF";"No confundir con las psilas (hemŪpteros de la familia Psyllidae)";30/06/2023;03/07/2024;
"475";"6.2.8.9.1";"Mosca de la zanahoria, Chamaepsila rosae";"Chamaepsila rosae";"PSILRO";;30/06/2023;03/07/2024;
"476";"6.2.8.10";"EsciŠridos, Sciaridae";"Psilidae";"1SCIAF";;30/06/2023;03/07/2024;
"477";"6.2.8.10.1";"EsciŠrido del champiŮůn, Lycoriella auripila";"Lycoriella auripila";"SCIAAU";;30/06/2023;03/07/2024;
"478";"6.2.8.11";"TefrŪtidos, Tephritidae";"Tephritidae";"1TEPHF";;30/06/2023;03/07/2024;
"479";"6.2.8.11.1";"Mosca oriental de la fruta, Bactrocera dorsalis";"Bactrocera dorsalis";"DACUDO";;30/06/2023;03/07/2024;
"480";"6.2.8.11.2";"Mosca del olivo, Bactrocera oleae";"Bactrocera oleae";"DACUOL";;30/06/2023;03/07/2024;
"481";"6.2.8.11.3";"Mosca de la fruta, Ceratitis capitata";"Ceratitis capitata";"CERTCA";;30/06/2023;03/07/2024;
"482";"6.2.8.11.5";"Mosca del apio, Euleia heraclei";"Euleia heraclei";"ACIDHE";;30/06/2023;03/07/2024;
"483";"6.2.8.11.6";"Mosca del espŠrrago, Platyparea poeciloptera";"Platyparea poeciloptera";"PLPRPO";;30/06/2023;03/07/2024;
"484";"6.2.8.11.7";"Mosca de la cereza, Rhagoletis cerasi";"Rhagoletis cerasi";"RHAGCE";;30/06/2023;03/07/2024;
"485";"6.2.8.11.8";"Mosca del nogal, Rhagoletis completa";"Rhagoletis completa";"RHAGCO";;30/06/2023;03/07/2024;
"486";"6.2.8.12";"TŪpulas, Tipulidae";"Tipulidae";"1TIPUF";;30/06/2023;03/07/2024;
"487";"6.2.9";"DermŠpteros, Dermaptera";"Dermaptera";"1DERMO";;30/06/2023;03/07/2024;
"488";"6.2.9.1";"Tijereta comķn, Forficula auricularia";"Forficula auricularia";"FORFAU";;30/06/2023;03/07/2024;
"489";"6.3";"Colťmbolos";"Collembola";"1COLLO";;30/06/2023;03/07/2024;
"490";"6.3.1";"Onychiurus armatus";"Onychiurus armatus";"ONICAR";;30/06/2023;03/07/2024;
"491";"6.3.2";"Pulguilla de la alfalfa, Sminthurus viridis";"Sminthurus viridis";"SMINVI";;30/06/2023;03/07/2024;
"492";"6.4";"MiriŠpodos";"Myriapoda";"1MYRIQ";;30/06/2023;03/07/2024;
"493";"6.4.1";"Milpiťs, Blaniulus guttulatus";"Blaniulus guttulatus";"BLANGU";;30/06/2023;03/07/2024;
"494";"7";"Gasterůpodos";"Gastropoda";"1GASTC";;30/06/2023;03/07/2024;
"495";"7.1";"Babosas, limacos";"Gastropoda";"1GASTC, slugs";;30/06/2023;03/07/2024;
"496";"7.1.1";"Babosa, Deroceras spp.";"Deroceras spp.";"1DEROG";;30/06/2023;03/07/2024;
"497";"7.1.2";"Babosa, Limax spp.";"Limax spp.";"1LIMXG";;30/06/2023;03/07/2024;
"498";"7.2";"Caracoles";"Gastropoda";"1GASTC, snails";;30/06/2023;03/07/2024;
"499";"7.2.1";"Caracol, Cernuella virgata";"Cernuella virgata";"CERNVI";;30/06/2023;03/07/2024;
"500";"7.2.2";"Caracol, Cryptomphalus aspersus";"Cryptomphalus aspersus";"HELXAS";;30/06/2023;03/07/2024;
"501";"7.2.3";"Caracol, Helix spp.";"Helix spp.";"1HELXG";;30/06/2023;03/07/2024;
"502";"7.2.4";"Caracol, Otala lactea";"Otala lactea";"OTALLA";;30/06/2023;03/07/2024;
"503";"7.2.5";"Caracol, Pomacea insularum";"Pomacea insularum";"POMAIN";;30/06/2023;03/07/2024;
"504";"7.2.6";"Caracol, Theba pisana";"Theba pisana";"THEBPI";;30/06/2023;03/07/2024;
"505";"6.2.2.3.3.2";"Pulgůn negro de los cŪtricos, Aphis aurantii";"Aphis aurantii";"TOXOAU";"Tambiťn descrito como Toxoptera aurantii.";30/06/2023;03/07/2024;
"506";"6.2.2.3.3.9";"Pulgůn pardo del ciruelo, Appelia prunicola";"Appelia prunicola";"APPEPR";"Tambiťn descrito como Brachycaudus prunicola.";30/06/2023;03/07/2024;
"507";"6.2.2.3.3.11";"Pulgůn del almendro, Brachycaudus amygdalinus";"Brachycaudus amygdalinus";"BRDSAM";;30/06/2023;03/07/2024;
"508";"6.2.2.3.3.14";"Pulgůn negro del melocotonero, Brachycaudus persicae";"Brachycaudus persicae";"ANURPN";;30/06/2023;03/07/2024;
"509";"6.2.2.3.3.15";"Pulgůn pardo del melocotonero, Brachycaudus schwartzi";"Brachycaudus schwartzi";"APPESW";;30/06/2023;03/07/2024;
"510";"6.2.5.9.12";"Pulguillas, Epitrix spp.";"Epitrix spp.";"1EPIXG";"Se incluyen especies del gťnero Epitrix como E. papa (anteriormente determinado en EspaŮa de forma errůnea como E. similaris) y E. hirtipennis.";30/06/2023;03/07/2024;
"511";"6.2.2.3.3.16";"Pulgůn del espŠrrago, Brachycorynella asparagi";"Brachycorynella asparagi";"BRAYAS";;03/07/2024;03/07/2024;
"512";"6.2.2.3.3.42";"Pulgůn del lķpulo, Phorodon humuli";"Phorodon humuli";"PHODHU";;03/07/2024;03/07/2024;
"513";"6.2.3.9";"Trips surafricano de los cŪtricos, Scirtothrips aurantii";"Scirtothrips aurantii";"SCITAU";;03/07/2024;03/07/2024;
"514";"6.2.4.3.3";"Taladro del espŠrrago, Parahypopta caestrum";"Parahypopta caestrum";"HYPTCA";;03/07/2024;03/07/2024;
"515";"6.2.4.14.19";"Oruga verde del lķpulo, Xylena exsoleta";"Xylena exsoleta";"XYLIEX";;03/07/2024;03/07/2024;
"516";"6.2.4.17.2";"Pavo real, Inachis io";"Inachis io";"VANSIO";"Tambiťn descrito como Aglais io.";03/07/2024;03/07/2024;
"517";"6.2.4.17.3";"C-blanca, Polygonia c-album";"Polygonia c-album";"POLACA";;03/07/2024;03/07/2024;
"518";"6.2.5.9.19";"Pulguilla del lķpulo, Psylliodes attenuata";"Psylliodes attenuata";"PSYIAT";;03/07/2024;03/07/2024;
"519";"6.2.5.13.2";"Picudo de las cuatro manchas, Diocalandra frumenti";"Diocalandra frumenti";"DIOCFR";;03/07/2024;03/07/2024;
"520";"6.2.8.11.4";"Mosca de la calabaza, Dacus frontalis";"Dacus frontalis";"DACUFR";;03/07/2024;03/07/2024;
"521";"6.4.2";"Ciempies, Scutigerella inmaculata";"Scutigerella inmaculata";"SCUTIM";;03/07/2024;03/07/2024;
"522";"6.2.2.3.1.6";"Mosca blanca, Dialeurodes citri";"Dialeurodes citri";"DIALCI";;03/07/2024;03/07/2024;
"523";"6.2.2.2.3.9";"Saltahojas americano, Erasmoneura vulnerata";"Erasmoneura vulnerata";"ERYTVU";"Tambiťn descrito como Erythroneura vulnerata.";27/11/2025;;
"524";"6.2.2.3.3.51";"Pulgůn de las umbelŪferas, Cavariella aegopodii";"Cavariella aegopodii";"CAVAAE";;27/11/2025;;
"525";"6.2.2.3.3.52";"Pulgůn de las zanahorias, Semiaphis dauci";"Semiaphis dauci";"SEMIDA";;27/11/2025;;
"526";"6.2.5.18";"Leiůdidos, Leiodidae";"Leiodidae";"Leiodidae";"Cůdigo EPPO aķn no asignado.";27/11/2025;;
"527";"6.2.5.18.1";"Escarabajo de la trufa, Leiodes cinnamomeus";"Leiodes cinnamomeus";"Lcinnamomeus";"Cůdigo EPPO aķn no asignado.";27/11/2025;;
"528";"6.2.8.13";"HeleomŪcidos, Heleomycidae";"Heleomycidae";"HELEF";;27/11/2025;;
"529";"6.2.8.13.1";"Mosca de la trufa, Helomyza tuberiperda";"Helomyza tuberiperda";"HELETU";"Tambiťn descrito como Suillia tuberiperda.";27/11/2025;;
